"","X.1","ID","Track","Slice","X","Y","Distance","Velocity","PixelValue","TrackNumber"
"1",1,2,"Head Before",2,33.222,217.299,10.704,7.136,-9010797,221
"2",2,3,"Head Before",3,45.426,239.334,25.189,16.793,-9140598,221
"3",3,4,"Head Before",4,45.426,237.3,2.034,1.356,-9074284,221
"4",4,5,"Head Before",5,38.307,239.334,7.404,4.936,-8551022,221
"5",5,6,"Head Before",6,54.579,240.012,16.286,10.857,-8288365,221
"6",6,7,"Head Before",7,72.207,245.775,18.546,12.364,-8877169,221
"7",7,8,"Head Before",8,105.09,249.165,33.057,22.038,-8878706,221
"8",8,9,"Head Before",9,134.922,232.215,34.311,22.874,-8417906,221
"9",9,10,"Head Before",10,134.244,215.265,16.964,11.309,-8088939,221
"10",10,11,"Head Before",11,147.804,208.146,15.315,10.21,-8878445,221
"11",11,12,"Head Before",12,148.482,186.789,21.368,14.245,-9406595,221
"12",12,13,"Head Before",13,155.601,166.11,21.87,14.58,-8681830,221
"13",13,14,"Head Before",14,162.042,132.888,33.841,22.56,-8747113,221
"14",14,15,"Head Before",15,164.754,127.803,5.763,3.842,-9273967,221
"15",15,16,"Head Before",16,165.432,127.125,0.959,0.639,-8615527,221
"16",16,17,"Head Before",17,171.195,120.006,9.159,6.106,-8942700,221
"17",17,18,"Head Before",18,175.941,114.243,7.466,4.977,-9800052,221
"18",18,19,"Head Before",19,182.382,110.853,7.279,4.852,-8614759,221
"19",19,20,"Head Before",20,190.857,107.124,9.259,6.173,-8090471,221
"20",20,21,"Head Before",21,201.027,96.615,14.624,9.749,-9534321,221
"21",21,22,"Head Before",22,200.349,95.937,0.959,0.639,-8614256,221
"22",22,23,"Head Before",23,199.671,96.615,0.959,0.639,-8943737,221
"23",23,24,"Head Before",24,197.298,96.615,2.373,1.582,-8350825,221
"24",24,25,"Head Before",25,203.061,92.208,7.255,4.837,-8614507,221
"25",25,26,"Head Before",26,201.705,94.92,3.032,2.021,-7892582,221
"26",26,27,"Head Before",27,198.993,96.615,3.198,2.132,-8482409,221
"105",1,2,"Head Before",2,854.958,93.564,16.95,11.3,-9404550,222
"106",2,3,"Head Before",3,849.195,92.886,5.803,3.868,-8813692,222
"107",3,4,"Head Before",4,835.635,90.852,13.712,9.141,-9470595,222
"108",4,5,"Head Before",5,820.719,90.174,14.931,9.954,-8813434,222
"109",5,6,"Head Before",6,802.413,90.174,18.306,12.204,-9273730,222
"110",6,7,"Head Before",7,787.497,92.886,15.161,10.107,-9340540,222
"111",7,8,"Head Before",8,766.818,92.886,20.679,13.786,-9273732,222
"112",8,9,"Head Before",9,819.363,103.056,53.52,35.68,-9995648,222
"113",9,10,"Head Before",10,828.516,103.734,9.178,6.119,-9272705,222
"114",10,11,"Head Before",11,831.567,99.327,5.36,3.573,-9667973,222
"115",11,12,"Head Before",12,841.398,97.293,10.039,6.693,-8683915,222
"116",12,13,"Head Before",13,842.076,100.683,3.457,2.305,-9602181,222
"117",13,14,"Head Before",14,846.483,103.734,5.36,3.573,-9539473,222
"118",14,15,"Head Before",15,850.551,104.412,4.124,2.749,-9669780,222
"119",15,16,"Head Before",16,836.991,105.768,13.628,9.085,-9603471,222
"120",16,17,"Head Before",17,817.329,109.836,20.078,13.386,-9995648,222
"121",17,18,"Head Before",18,796.65,112.209,20.815,13.876,-8878974,222
"122",18,19,"Head Before",19,777.327,113.565,19.371,12.914,-9537424,222
"123",19,20,"Head Before",20,765.462,112.209,11.942,7.961,-8681848,222
"124",20,21,"Head Before",21,755.292,109.158,10.618,7.079,-9471883,222
"125",21,22,"Head Before",22,747.495,107.124,8.058,5.372,-9603208,222
"126",22,23,"Head Before",23,741.054,107.124,6.441,4.294,-9668490,222
"127",23,24,"Head Before",24,714.951,105.768,26.138,17.425,-9669260,222
"128",24,25,"Head Before",25,698.34,109.158,16.953,11.302,-9340802,222
"129",25,26,"Head Before",26,678.678,112.887,20.012,13.342,-9472386,222
"130",26,27,"Head Before",27,651.558,123.396,29.085,19.39,-9273981,222
"131",27,28,"Head Before",28,630.201,131.871,22.977,15.318,-9208452,222
"132",28,29,"Head Before",29,621.726,151.194,21.1,14.067,-8814723,222
"133",29,30,"Head Before",30,623.76,165.432,14.383,9.588,-8681848,222
"134",30,31,"Head Before",31,615.285,184.077,20.481,13.654,-9732989,222
"135",31,32,"Head Before",32,601.725,203.739,23.884,15.923,-9075072,222
"136",32,33,"Head Before",33,601.047,220.011,16.286,10.857,-8812405,222
"137",33,34,"Head Before",34,596.301,228.825,10.011,6.674,-9468801,222
"138",34,35,"Head Before",35,593.928,232.893,4.71,3.14,-9142910,222
"139",35,36,"Head Before",36,590.538,237.3,5.56,3.707,-9010560,222
"140",36,37,"Head Before",37,590.538,240.012,2.712,1.808,-9273467,222
"141",37,38,"Head Before",38,589.86,240.69,0.959,0.639,-9799033,222
"142",38,39,"Head Before",39,591.894,242.046,2.445,1.63,-9601667,222
"143",39,40,"Head Before",40,592.572,247.131,5.13,3.42,-9010044,222
"144",40,41,"Head Before",41,597.657,270.522,23.937,15.958,-8288127,222
"145",41,42,"Head Before",42,608.844,291.201,23.511,15.674,-9141376,222
"146",42,43,"Head Before",43,623.76,291.879,14.931,9.954,-9140865,222
"147",43,44,"Head Before",44,632.574,289.845,9.046,6.03,-9142656,222
"148",44,45,"Head Before",45,631.557,287.133,2.896,1.931,-9078404,222
"149",45,46,"Head Before",46,630.879,285.438,1.826,1.217,-9206658,222
"150",46,47,"Head Before",47,633.252,286.116,2.468,1.645,-9735057,222
"151",47,48,"Head Before",48,636.642,284.082,3.953,2.636,-9141627,222
"152",48,49,"Head Before",49,639.354,280.692,4.341,2.894,-9667714,222
"153",49,50,"Head Before",50,635.964,293.235,12.993,8.662,-9208198,222
"154",50,51,"Head Before",51,639.354,294.252,3.539,2.36,-9470333,222
"155",51,52,"Head Before",52,639.354,296.286,2.034,1.356,-9469055,222
"156",52,53,"Head Before",53,657.999,296.286,18.645,12.43,-9207420,222
"157",53,54,"Head Before",54,677.322,296.964,19.335,12.89,-9272437,222
"158",54,55,"Head Before",55,683.424,295.608,6.251,4.167,-9471097,222
"159",55,56,"Head Before",56,691.56,296.964,8.248,5.499,-9404548,222
"160",56,57,"Head Before",57,703.425,276.963,23.255,15.504,-9469054,222
"161",57,58,"Head Before",58,707.154,267.81,9.883,6.589,-9405569,222
"162",58,59,"Head Before",59,697.662,255.606,15.461,10.307,-9405818,222
"163",59,60,"Head Before",60,693.594,243.741,12.543,8.362,-9142146,222
"164",60,61,"Head Before",61,693.594,237.978,5.763,3.842,-9600892,222
"165",61,62,"Head Before",62,696.984,240.69,4.341,2.894,-9338496,222
"166",62,63,"Head Before",63,694.272,241.368,2.795,1.864,-9600638,222
"167",63,64,"Head Before",64,696.984,240.012,3.032,2.021,-9404801,222
"168",64,65,"Head Before",65,697.662,240.012,0.678,0.452,-9076616,222
"169",65,66,"Head Before",66,693.594,237.3,4.889,3.259,-9011334,222
"170",66,67,"Head Before",67,684.441,232.893,10.159,6.772,-9011584,222
"171",67,68,"Head Before",68,681.39,230.859,3.667,2.445,-8749189,222
"172",68,69,"Head Before",69,680.034,226.452,4.611,3.074,-9012088,222
"173",69,70,"Head Before",70,679.356,227.13,0.959,0.639,-8617346,222
"174",70,71,"Head Before",71,681.39,225.774,2.445,1.63,-9010560,222
"175",71,72,"Head Before",72,680.034,225.774,1.356,0.904,-9406593,222
"176",72,73,"Head Before",73,679.356,225.096,0.959,0.639,-9075583,222
"177",73,74,"Head Before",74,679.356,224.418,0.678,0.452,-9142657,222
"178",74,75,"Head Before",75,679.356,224.418,0,0,-9075072,222
"179",75,76,"Head Before",76,679.356,225.096,0.678,0.452,-8683899,222
"180",76,77,"Head Before",77,677.322,225.096,2.034,1.356,-9209483,222
"181",77,78,"Head Before",78,675.627,223.062,2.648,1.765,-9010560,222
"182",78,79,"Head Before",79,671.559,228.147,6.512,4.341,-9142659,222
"183",79,80,"Head Before",80,672.915,227.13,1.695,1.13,-9075577,222
"184",80,81,"Head Before",81,670.881,224.418,3.39,2.26,-9340038,222
"185",81,82,"Head Before",82,672.237,222.384,2.445,1.63,-9209742,222
"186",82,83,"Head Before",83,670.203,222.384,2.034,1.356,-9274242,222
"187",83,84,"Head Before",84,672.237,218.655,4.248,2.832,-8945537,222
"188",84,85,"Head Before",85,669.525,221.706,4.082,2.721,-8881027,222
"189",85,86,"Head Before",86,668.508,221.028,1.222,0.815,-9339774,222
"190",86,87,"Head Before",87,669.525,219.333,1.977,1.318,-8879487,222
"191",87,88,"Head Before",88,668.508,221.706,2.582,1.721,-8880514,222
"192",88,89,"Head Before",89,670.203,218.655,3.49,2.327,-9142144,222
"193",89,90,"Head Before",90,667.152,221.706,4.315,2.877,-9142920,222
"194",90,91,"Head Before",91,667.152,221.028,0.678,0.452,-9078154,222
"195",91,92,"Head Before",92,667.152,221.028,0,0,-8946309,222
"196",92,93,"Head Before",93,667.152,218.655,2.373,1.582,-9273985,222
"197",93,94,"Head Before",94,664.44,218.655,2.712,1.808,-8878974,222
"198",94,95,"Head Before",95,664.44,218.655,0,0,-9010558,222
"199",95,96,"Head Before",96,663.084,217.977,1.516,1.011,-9208192,222
"200",96,97,"Head Before",97,662.406,217.299,0.959,0.639,-9406082,222
"201",97,98,"Head Before",98,661.389,215.265,2.274,1.516,-9208963,222
"202",98,99,"Head Before",99,660.711,215.943,0.959,0.639,-9076604,222
"203",99,100,"Head Before",100,660.033,215.943,0.678,0.452,-8944767,222
"204",100,101,"Head Before",101,658.677,217.299,1.918,1.278,-9536387,222
"205",101,102,"Head Before",102,657.999,215.265,2.144,1.429,-10128261,222
"206",102,103,"Head Before",103,655.287,215.265,2.712,1.808,-8945278,222
"207",103,104,"Head Before",104,651.558,215.943,3.79,2.527,-9404548,222
"208",104,105,"Head Before",105,650.202,214.587,1.918,1.278,-9472134,222
"209",105,106,"Head Before",106,648.168,216.621,2.877,1.918,-9537153,222
"210",106,107,"Head Before",107,647.49,217.299,0.959,0.639,-9537676,222
"211",107,108,"Head Before",108,648.168,216.621,0.959,0.639,-9075583,222
"212",108,109,"Head Before",109,648.168,217.299,0.678,0.452,-9208202,222
"213",109,110,"Head Before",110,648.846,215.943,1.516,1.011,-9339008,222
"214",110,111,"Head Before",111,650.202,215.265,1.516,1.011,-9011071,222
"215",111,112,"Head Before",112,651.558,212.892,2.733,1.822,-8879487,222
"216",112,113,"Head Before",113,652.914,212.214,1.516,1.011,-9342859,222
"217",113,114,"Head Before",114,652.914,212.892,0.678,0.452,-8683650,222
"218",114,115,"Head Before",115,656.643,217.977,6.306,4.204,-11775917,222
"219",115,116,"Head Before",116,655.965,218.655,0.959,0.639,-11840934,222
"220",116,117,"Head Before",117,654.609,216.621,2.445,1.63,-9799306,222
"221",117,118,"Head Before",118,656.643,216.621,2.034,1.356,-9999259,222
"222",118,119,"Head Before",119,653.592,216.621,3.051,2.034,-9800848,222
"223",119,120,"Head Before",120,653.592,216.621,0,0,-9405320,222
"224",120,121,"Head Before",121,660.711,217.299,7.151,4.767,-11639467,222
"225",121,122,"Head Before",122,658.677,214.587,3.39,2.26,-9932182,222
"589",1,2,"Head Before",2,83.733,516.636,50.196,33.464,-8552062,223
"590",2,3,"Head Before",3,96.615,514.263,13.099,8.732,-8681595,223
"591",3,4,"Head Before",4,119.328,504.432,24.749,16.5,-8617079,223
"592",4,5,"Head Before",5,144.075,464.769,46.75,31.167,-9207672,223
"593",5,6,"Head Before",6,162.72,450.531,23.46,15.64,-8816514,223
"594",6,7,"Head Before",7,176.958,429.174,25.668,17.112,-8948349,223
"595",7,8,"Head Before",8,177.636,415.614,13.577,9.051,-8355951,223
"596",8,9,"Head Before",9,174.585,398.664,17.222,11.482,-7566188,223
"597",9,10,"Head Before",10,173.907,386.46,12.223,8.149,-8288888,223
"598",10,11,"Head Before",11,158.313,371.544,21.579,14.386,-8353140,223
"599",11,12,"Head Before",12,156.957,369.51,2.445,1.63,-8486518,223
"600",12,13,"Head Before",13,153.228,366.459,4.818,3.212,-8353140,223
"601",13,14,"Head Before",14,138.312,359.34,16.528,11.019,-8550520,223
"602",14,15,"Head Before",15,127.125,354.594,12.152,8.101,-8550773,223
"603",15,16,"Head Before",16,134.922,344.424,12.815,8.543,-8353907,223
"604",16,17,"Head Before",17,134.244,343.068,1.516,1.011,-8486007,223
"605",17,18,"Head Before",18,135.6,342.39,1.516,1.011,-8287861,223
"606",18,19,"Head Before",19,136.956,342.39,1.356,0.904,-8486269,223
"607",19,20,"Head Before",20,135.6,341.034,1.918,1.278,-8089968,223
"608",20,21,"Head Before",21,144.753,341.712,9.178,6.119,-8420725,223
"609",21,22,"Head Before",22,138.312,340.356,6.582,4.388,-7894130,223
"610",22,23,"Head Before",23,140.685,343.068,3.604,2.402,-8288882,223
"611",23,24,"Head Before",24,144.753,339.678,5.295,3.53,-8355963,223
"612",24,25,"Head Before",25,144.753,341.034,1.356,0.904,-8749943,223
"613",25,26,"Head Before",26,144.753,341.712,0.678,0.452,-8223615,223
"614",26,27,"Head Before",27,149.16,338.322,5.56,3.707,-7960956,223
"615",27,28,"Head Before",28,151.194,338.322,2.034,1.356,-8355203,223
"616",28,29,"Head Before",29,153.906,336.627,3.198,2.132,-7960451,223
"617",29,30,"Head Before",30,156.279,338.322,2.916,1.944,-6909570,223
"618",30,31,"Head Before",31,158.313,341.034,3.39,2.26,-7237758,223
"619",31,32,"Head Before",32,154.923,341.034,3.39,2.26,-8158584,223
"620",32,33,"Head Before",33,154.923,341.034,0,0,-8158333,223
"621",33,34,"Head Before",34,157.635,342.39,3.032,2.021,-7829378,223
"622",34,35,"Head Before",35,158.313,343.068,0.959,0.639,-8288641,223
"623",35,36,"Head Before",36,162.042,346.119,4.818,3.212,-9743511,223
"624",36,37,"Head Before",37,156.279,343.746,6.232,4.155,-7564664,223
"625",37,38,"Head Before",38,151.872,343.068,4.459,2.973,-7629948,223
"626",38,39,"Head Before",39,151.194,343.068,0.678,0.452,-8682116,223
"741",1,2,"Head Before",2,638.676,635.964,9.924,6.616,-10920602,224
"742",2,3,"Head Before",3,650.202,623.082,17.286,11.524,-8947338,224
"743",3,4,"Head Before",4,650.202,622.404,0.678,0.452,-9145739,224
"744",4,5,"Head Before",5,642.405,619.014,8.502,5.668,-10000276,224
"745",5,6,"Head Before",6,650.88,619.692,8.502,5.668,-9340036,224
"746",6,7,"Head Before",7,659.355,604.776,17.156,11.437,-11316135,224
"747",7,8,"Head Before",8,663.762,589.86,15.553,10.369,-9276562,224
"748",8,9,"Head Before",9,664.44,574.944,14.931,9.954,-10261147,224
"749",9,10,"Head Before",10,660.033,567.147,8.956,5.971,-8616588,224
"750",10,11,"Head Before",11,651.558,561.384,10.249,6.833,-12633522,224
"751",11,12,"Head Before",12,634.608,527.145,38.205,25.47,-12429750,224
"752",12,13,"Head Before",13,606.81,518.67,29.061,19.374,-10856600,224
"753",13,14,"Head Before",14,592.572,520.026,14.302,9.535,-10061451,224
"754",14,15,"Head Before",15,591.894,523.755,3.79,2.527,-10985623,224
"755",15,16,"Head Before",16,595.284,523.755,3.39,2.26,-10527381,224
"756",16,17,"Head Before",17,597.657,532.908,9.456,6.304,-9276814,224
"757",17,18,"Head Before",18,598.335,534.264,1.516,1.011,-10001038,224
"758",18,19,"Head Before",19,595.284,531.552,4.082,2.721,-10263958,224
"759",19,20,"Head Before",20,599.691,529.179,5.005,3.337,-10722720,224
"760",20,21,"Head Before",21,599.013,533.586,4.459,2.973,-11841710,224
"761",21,22,"Head Before",22,596.301,529.179,5.175,3.45,-10392987,224
"762",22,23,"Head Before",23,597.657,533.586,4.611,3.074,-10194834,224
"763",23,24,"Head Before",24,599.691,533.586,2.034,1.356,-12171949,224
"764",24,25,"Head Before",25,599.691,533.586,0,0,-11184799,224
"765",25,26,"Head Before",26,604.776,537.993,6.729,4.486,-10131084,224
"766",26,27,"Head Before",27,596.979,530.874,10.558,7.039,-11644333,224
"767",27,28,"Head Before",28,597.657,531.552,0.959,0.639,-10062229,224
"768",28,29,"Head Before",29,599.013,528.501,3.339,2.226,-10392724,224
"769",29,30,"Head Before",30,599.691,530.874,2.468,1.645,-10394264,224
"770",30,31,"Head Before",31,601.047,528.501,2.733,1.822,-10985892,224
"771",31,32,"Head Before",32,599.691,529.179,1.516,1.011,-9802131,224
"772",32,33,"Head Before",33,600.369,528.501,0.959,0.639,-10257806,224
"773",33,34,"Head Before",34,596.979,527.823,3.457,2.305,-10526629,224
"774",34,35,"Head Before",35,596.979,526.467,1.356,0.904,-12232368,224
"775",35,36,"Head Before",36,594.606,523.077,4.138,2.759,-12167096,224
"776",36,37,"Head Before",37,590.538,525.789,4.889,3.259,-9669780,224
"777",37,38,"Head Before",38,594.606,527.823,4.548,3.032,-12166306,224
"778",38,39,"Head Before",39,604.776,534.264,12.038,8.025,-10852764,224
"779",39,40,"Head Before",40,597.657,542.061,10.558,7.039,-12501700,224
"780",40,41,"Head Before",41,597.657,544.434,2.373,1.582,-11121059,224
"781",41,42,"Head Before",42,602.403,546.468,5.163,3.442,-12038582,224
"782",42,43,"Head Before",43,609.522,548.502,7.404,4.936,-11773363,224
"783",43,44,"Head Before",44,608.166,548.502,1.356,0.904,-12107441,224
"784",44,45,"Head Before",45,608.844,543.417,5.13,3.42,-11709627,224
"785",45,46,"Head Before",46,607.488,545.79,2.733,1.822,-12890290,224
"786",46,47,"Head Before",47,610.539,548.502,4.082,2.721,-9341855,224
"787",47,48,"Head Before",48,614.607,550.536,4.548,3.032,-10527657,224
"788",48,49,"Head Before",49,614.607,548.502,2.034,1.356,-12431796,224
"789",49,50,"Head Before",50,610.539,549.858,4.288,2.859,-11246756,224
"790",50,51,"Head Before",51,605.454,550.536,5.13,3.42,-13422012,224
"791",51,52,"Head Before",52,610.539,551.214,5.13,3.42,-10589863,224
"792",52,53,"Head Before",53,608.844,551.214,1.695,1.13,-11380381,224
"949",1,2,"Head Before",2,748.173,591.216,17.166,11.444,-9079176,225
"950",2,3,"Head Before",3,745.461,591.216,2.712,1.808,-8488337,225
"951",3,4,"Head Before",4,740.376,581.385,11.068,7.379,-8945026,225
"952",4,5,"Head Before",5,740.376,582.741,1.356,0.904,-9013901,225
"953",5,6,"Head Before",6,738.342,579.69,3.667,2.445,-8420217,225
"954",6,7,"Head Before",7,748.173,582.063,10.113,6.742,-10195336,225
"955",7,8,"Head Before",8,746.139,580.368,2.648,1.765,-9079425,225
"956",8,9,"Head Before",9,744.105,580.368,2.034,1.356,-10129813,225
"957",9,10,"Head Before",10,734.613,573.249,11.865,7.91,-9012862,225
"958",10,11,"Head Before",11,736.986,579.69,6.864,4.576,-9078657,225
"959",11,12,"Head Before",12,736.308,579.69,0.678,0.452,-9012102,225
"960",12,13,"Head Before",13,733.935,577.656,3.125,2.084,-9208190,225
"961",13,14,"Head Before",14,733.935,577.656,0,0,-9540235,225
"962",14,15,"Head Before",15,733.935,577.656,0,0,-9014151,225
"963",15,16,"Head Before",16,735.63,569.859,7.979,5.319,-1908509,225
"964",16,17,"Head Before",17,738.342,568.503,3.032,2.021,-8749443,225
"965",17,18,"Head Before",18,741.054,566.469,3.39,2.26,-8748930,225
"966",18,19,"Head Before",19,744.105,562.74,4.818,3.212,-9343118,225
"967",19,20,"Head Before",20,748.173,560.706,4.548,3.032,-9344137,225
"968",20,21,"Head Before",21,751.224,562.74,3.667,2.445,-8882058,225
"969",21,22,"Head Before",22,752.58,556.299,6.582,4.388,-9340549,225
"970",22,23,"Head Before",23,751.902,553.587,2.795,1.864,-10525852,225
"971",23,24,"Head Before",24,746.817,555.621,5.477,3.651,-8880775,225
"972",24,25,"Head Before",25,759.021,549.18,13.799,9.2,-8557190,225
"973",25,26,"Head Before",26,736.986,549.858,22.045,14.697,-9145477,225
"974",26,27,"Head Before",27,751.902,556.299,16.247,10.832,-9143688,225
"975",27,28,"Head Before",28,747.495,553.587,5.175,3.45,-9672586,225
"976",28,29,"Head Before",29,761.055,561.384,15.642,10.428,-10655135,225
"977",29,30,"Head Before",30,768.174,572.571,13.26,8.84,-9406860,225
"978",30,31,"Head Before",31,766.818,573.249,1.516,1.011,-9341847,225
"979",31,32,"Head Before",32,759.021,563.418,12.548,8.365,-9472148,225
"980",32,33,"Head Before",33,755.97,562.74,3.125,2.084,-9082006,225
"981",33,34,"Head Before",34,761.055,567.147,6.729,4.486,-9211282,225
"982",34,35,"Head Before",35,751.902,566.469,9.178,6.119,-10323860,225
"983",35,36,"Head Before",36,736.986,562.062,15.553,10.369,-9736076,225
"984",36,37,"Head Before",37,736.308,558.333,3.79,2.527,-9866130,225
"985",37,38,"Head Before",38,736.308,556.977,1.356,0.904,-9211013,225
"986",38,39,"Head Before",39,730.545,566.469,11.105,7.403,-9674883,225
"987",39,40,"Head Before",40,722.07,569.181,8.898,5.932,-2039845,225
"988",40,41,"Head Before",41,722.07,569.181,0,0,-2105377,225
"989",41,42,"Head Before",42,732.579,562.062,12.693,8.462,-8816764,225
"990",42,43,"Head Before",43,717.663,562.062,14.916,9.944,-1908511,225
"991",43,44,"Head Before",44,721.392,564.096,4.248,2.832,-9010811,225
"992",44,45,"Head Before",45,711.222,558.333,11.689,7.793,-11843002,225
"993",45,46,"Head Before",46,694.95,556.977,16.328,10.886,-12766907,225
"994",46,47,"Head Before",47,696.306,559.35,2.733,1.822,-9933456,225
"995",47,48,"Head Before",48,700.035,568.503,9.883,6.589,-9603217,225
"996",48,49,"Head Before",49,702.747,558.333,10.525,7.017,-9406862,225
"997",49,50,"Head Before",50,688.509,560.028,14.339,9.559,-9935247,225
"998",50,51,"Head Before",51,688.509,561.384,1.356,0.904,-10985892,225
"999",51,52,"Head Before",52,688.509,561.384,0,0,-10133137,225
"1000",52,53,"Head Before",53,690.543,565.452,4.548,3.032,-9997453,225
"1001",53,54,"Head Before",54,688.509,564.774,2.144,1.429,-9209481,225
"1002",54,55,"Head Before",55,692.916,559.35,6.989,4.659,-10133154,225
"1003",55,56,"Head Before",56,702.069,556.299,9.648,6.432,-9343136,225
"1004",56,57,"Head Before",57,700.713,556.299,1.356,0.904,-9076112,225
"1005",57,58,"Head Before",58,692.916,561.384,9.309,6.206,-9275535,225
"1006",58,59,"Head Before",59,696.306,560.028,3.651,2.434,-10194584,225
"1007",59,60,"Head Before",60,700.713,559.35,4.459,2.973,-10325400,225
"1008",60,61,"Head Before",61,694.95,560.028,5.803,3.868,-9473413,225
"1009",61,62,"Head Before",62,690.543,562.062,4.854,3.236,-9341831,225
"1010",62,63,"Head Before",63,689.187,564.774,3.032,2.021,-9143940,225
"1011",63,64,"Head Before",64,685.797,573.249,9.128,6.085,-9143423,225
"1012",64,65,"Head Before",65,685.797,574.266,1.017,0.678,-9274242,225
"1013",65,66,"Head Before",66,689.187,586.131,12.34,8.227,-9079684,225
"1014",66,67,"Head Before",67,694.95,602.403,17.262,11.508,-9144966,225
"1015",67,68,"Head Before",68,704.103,596.301,11.001,7.334,-9207420,225
"1016",68,69,"Head Before",69,704.781,596.301,0.678,0.452,-9144452,225
"1017",69,70,"Head Before",70,695.628,601.047,10.31,6.874,-9602181,225
"1018",70,71,"Head Before",71,699.357,602.403,3.968,2.645,-9208449,225
"1019",71,72,"Head Before",72,699.357,601.725,0.678,0.452,-8882297,225
"1020",72,73,"Head Before",73,699.357,602.403,0.678,0.452,-9144191,225
"1021",73,74,"Head Before",74,700.035,602.403,0.678,0.452,-9472135,225
"1022",74,75,"Head Before",75,702.747,601.725,2.795,1.864,-10461591,225
"1023",75,76,"Head Before",76,704.103,601.047,1.516,1.011,-10327697,225
"1024",76,77,"Head Before",77,704.103,601.047,0,0,-10064790,225
"1025",77,78,"Head Before",78,704.103,601.047,0,0,-9275274,225
"1026",78,79,"Head Before",79,704.103,601.047,0,0,-10393753,225
"1027",79,80,"Head Before",80,704.781,603.42,2.468,1.645,-9866380,225
"1028",80,81,"Head Before",81,701.391,603.42,3.39,2.26,-9734794,225
"1029",81,82,"Head Before",82,701.391,604.776,1.356,0.904,-8681856,225
"1030",82,83,"Head Before",83,695.628,605.454,5.803,3.868,-9799560,225
"1031",83,84,"Head Before",84,695.628,608.166,2.712,1.808,-9208198,225
"1032",84,85,"Head Before",85,696.984,607.488,1.516,1.011,-9668476,225
"1033",85,86,"Head Before",86,696.984,606.81,0.678,0.452,-9471360,225
"1034",86,87,"Head Before",87,697.662,603.42,3.457,2.305,-10788499,225
"1035",87,88,"Head Before",88,697.662,601.047,2.373,1.582,-10261391,225
"1036",88,89,"Head Before",89,693.594,600.369,4.124,2.749,-10063246,225
"1037",89,90,"Head Before",90,689.865,593.25,8.037,5.358,-9803148,225
"1305",1,2,"Head Before",2,216.621,386.46,3.79,2.527,-8092783,311
"1306",2,3,"Head Before",3,212.214,385.782,4.459,2.973,-7895410,311
"1307",3,4,"Head Before",4,212.214,385.782,0,0,-8617595,311
"1308",4,5,"Head Before",5,212.214,383.07,2.712,1.808,-8092013,311
"1309",5,6,"Head Before",6,212.214,378.663,4.407,2.938,-8289909,311
"1310",6,7,"Head Before",7,212.214,372.9,5.763,3.842,-8223346,311
"1311",7,8,"Head Before",8,211.536,339.678,33.229,22.153,-8484475,311
"1312",8,9,"Head Before",9,198.993,306.795,35.194,23.463,-8353907,311
"1313",9,10,"Head Before",10,200.349,290.523,16.328,10.886,-8683399,311
"1314",10,11,"Head Before",11,198.993,291.201,1.516,1.011,-9078395,311
"1315",11,12,"Head Before",12,198.993,291.201,0,0,-8876654,311
"1316",12,13,"Head Before",13,198.993,291.201,0,0,-9800828,311
"1317",13,14,"Head Before",14,198.993,294.252,3.051,2.034,-9406842,311
"1318",14,15,"Head Before",15,177.636,254.25,45.346,30.231,-9074807,311
"1319",15,16,"Head Before",16,171.873,234.249,20.815,13.876,-9009530,311
"1320",16,17,"Head Before",17,175.941,230.859,5.295,3.53,-9009515,311
"1321",17,18,"Head Before",18,176.958,234.249,3.539,2.36,-10191744,311
"1322",18,19,"Head Before",19,190.179,230.181,13.833,9.222,-9272936,311
"1323",19,20,"Head Before",20,183.06,231.537,7.247,4.831,-9994620,311
"1324",20,21,"Head Before",21,184.755,230.859,1.826,1.217,-9731185,311
"1325",21,22,"Head Before",22,192.552,233.571,8.255,5.503,-9208679,311
"1326",22,23,"Head Before",23,208.824,234.927,16.328,10.886,-9995386,311
"1327",23,24,"Head Before",24,252.894,247.131,45.729,30.486,-9729906,311
"1328",24,25,"Head Before",25,273.573,263.403,26.313,17.542,-9469806,311
"1329",25,26,"Head Before",26,280.692,274.251,12.975,8.65,-9995123,311
"1330",26,27,"Head Before",27,304.083,304.761,38.445,25.63,-9600104,311
"1331",27,28,"Head Before",28,328.83,346.797,48.779,32.52,-10126198,311
"1332",28,29,"Head Before",29,351.543,383.748,43.373,28.916,-10060916,311
"1333",29,30,"Head Before",30,376.629,372.9,27.331,18.221,-9797756,311
"1334",30,31,"Head Before",31,383.748,363.747,11.596,7.73,-9141100,311
"1335",31,32,"Head Before",32,383.07,359.34,4.459,2.973,-9665667,311
"1336",32,33,"Head Before",33,392.901,362.391,10.294,6.862,-9339752,311
"1337",33,34,"Head Before",34,393.579,355.272,7.151,4.767,-9468525,311
"1338",34,35,"Head Before",35,373.578,341.034,24.551,16.367,-11309467,311
"1339",35,36,"Head Before",36,372.9,348.831,7.826,5.218,-9606523,311
"1340",36,37,"Head Before",37,386.46,363.747,20.158,13.439,-9340012,311
"1341",37,38,"Head Before",38,377.985,366.459,8.898,5.932,-9600112,311
"1342",38,39,"Head Before",39,377.307,363.069,3.457,2.305,-9207410,311
"1343",39,40,"Head Before",40,370.188,350.187,14.718,9.812,-9995899,311
"1344",40,41,"Head Before",41,364.425,341.712,10.249,6.833,-9536629,311
"1345",41,42,"Head Before",42,352.221,339.678,12.372,8.248,-9209455,311
"1346",42,43,"Head Before",43,335.949,339.678,16.272,10.848,-9667444,311
"1347",43,44,"Head Before",44,337.305,340.356,1.516,1.011,-9405553,311
"1348",44,45,"Head Before",45,344.424,335.949,8.373,5.582,-9800048,311
"1349",45,46,"Head Before",46,343.068,339,3.339,2.226,-9469804,311
"1350",46,47,"Head Before",47,345.102,339,2.034,1.356,-9601644,311
"1351",47,48,"Head Before",48,342.39,340.356,3.032,2.021,-10324084,311
"1352",48,49,"Head Before",49,346.119,341.034,3.79,2.527,-10390910,311
"1353",49,50,"Head Before",50,343.068,341.034,3.051,2.034,-9930098,311
"1354",50,51,"Head Before",51,346.119,335.271,6.521,4.347,-9666158,311
"1355",51,52,"Head Before",52,345.102,333.237,2.274,1.516,-9601634,311
"1356",52,53,"Head Before",53,343.746,333.237,1.356,0.904,-9535597,311
"1357",53,54,"Head Before",54,342.39,332.559,1.516,1.011,-9601903,311
"1358",54,55,"Head Before",55,339.678,330.186,3.604,2.402,-9273454,311
"1359",55,56,"Head Before",56,347.475,333.915,8.643,5.762,-9928566,311
"1360",56,57,"Head Before",57,332.559,348.153,20.621,13.747,-9537911,311
"1361",57,58,"Head Before",58,324.762,352.221,8.794,5.863,-9273454,311
"1362",58,59,"Head Before",59,326.796,371.544,19.43,12.953,-9736051,311
"1363",59,60,"Head Before",60,331.881,380.697,10.471,6.98,-9799033,311
"1364",60,61,"Head Before",61,330.186,372.9,7.979,5.319,-9733732,311
"1365",61,62,"Head Before",62,326.796,368.154,5.832,3.888,-10191989,311
"1366",62,63,"Head Before",63,326.118,359.34,8.84,5.893,-9996150,311
"1367",63,64,"Head Before",64,326.796,367.137,7.826,5.218,-9732216,311
"1368",64,65,"Head Before",65,332.559,366.459,5.803,3.868,-9930607,311
"1369",65,66,"Head Before",66,341.712,345.102,23.236,15.49,-9800050,311
"1370",66,67,"Head Before",67,352.221,332.559,16.364,10.909,-9405551,311
"1371",67,68,"Head Before",68,347.475,335.271,5.466,3.644,-9604724,311
"1372",68,69,"Head Before",69,343.746,336.627,3.968,2.645,-10262153,311
"1373",69,70,"Head Before",70,345.102,337.305,1.516,1.011,-9536110,311
"1374",70,71,"Head Before",71,336.627,350.187,15.42,10.28,-10063483,311
"1375",71,72,"Head Before",72,334.593,350.865,2.144,1.429,-9799280,311
"1376",72,73,"Head Before",73,341.034,344.424,9.109,6.073,-10456448,311
"1377",73,74,"Head Before",74,340.356,346.797,2.468,1.645,-9733741,311
"1378",74,75,"Head Before",75,339.678,350.187,3.457,2.305,-10194292,311
"1379",75,76,"Head Before",76,342.39,353.238,4.082,2.721,-9732739,311
"1380",76,77,"Head Before",77,346.119,354.594,3.968,2.645,-9866094,311
"1381",77,78,"Head Before",78,340.356,351.543,6.521,4.347,-10061166,311
"1382",78,79,"Head Before",79,340.356,350.865,0.678,0.452,-10259324,311
"1383",79,80,"Head Before",80,339.678,349.509,1.516,1.011,-10191999,311
"1384",80,81,"Head Before",81,341.034,351.543,2.445,1.63,-9929330,311
"1385",81,82,"Head Before",82,343.068,349.509,2.877,1.918,-9864564,311
"1386",82,83,"Head Before",83,350.187,350.187,7.151,4.767,-10192765,311
"1387",83,84,"Head Before",84,346.119,351.543,4.288,2.859,-10588546,311
"1388",84,85,"Head Before",85,343.068,350.187,3.339,2.226,-9798009,311
"1389",85,86,"Head Before",86,341.712,350.187,1.356,0.904,-10391686,311
"1390",86,87,"Head Before",87,339,350.187,2.712,1.808,-10388612,311
"1391",87,88,"Head Before",88,343.068,354.594,5.998,3.998,-10785658,311
"1392",88,89,"Head Before",89,343.068,354.594,0,0,-10128247,311
"1393",89,90,"Head Before",90,343.068,354.594,0,0,-10916215,311
"1394",90,91,"Head Before",91,341.712,353.916,1.516,1.011,-10782604,311
"1395",91,92,"Head Before",92,341.712,353.916,0,0,-10847877,311
"1396",92,93,"Head Before",93,340.356,352.221,2.171,1.447,-11114631,311
"1397",93,94,"Head Before",94,341.712,352.221,1.356,0.904,-11180937,311
"1398",94,95,"Head Before",95,337.305,350.865,4.611,3.074,-9998195,311
"1399",95,96,"Head Before",96,339,355.272,4.722,3.148,-10455688,311
"1400",96,97,"Head Before",97,335.949,355.272,3.051,2.034,-10323575,311
"1401",97,98,"Head Before",98,335.271,355.272,0.678,0.452,-10782856,311
"1402",98,99,"Head Before",99,335.271,354.594,0.678,0.452,-10390128,311
"1403",99,100,"Head Before",100,335.949,353.238,1.516,1.011,-10918792,311
"1404",100,101,"Head Before",101,340.356,355.95,5.175,3.45,-10848898,311
"1605",1,2,"Head Before",2,637.998,595.284,11.546,7.697,-10585467,312
"1606",2,3,"Head Before",3,634.608,584.775,11.042,7.361,-10458516,312
"1607",3,4,"Head Before",4,648.168,557.655,30.321,20.214,-9732717,312
"1608",4,5,"Head Before",5,657.999,537.993,21.983,14.655,-10519420,312
"1609",5,6,"Head Before",6,660.711,525.789,12.502,8.334,-10587260,312
"1610",6,7,"Head Before",7,660.033,517.314,8.502,5.668,-9796463,312
"1611",7,8,"Head Before",8,658.677,511.551,5.92,3.947,-10453378,312
"1612",8,9,"Head Before",9,655.965,504.432,7.618,5.079,-10585724,312
"1613",9,10,"Head Before",10,660.711,491.55,13.728,9.152,-10781567,312
"1614",10,11,"Head Before",11,662.406,483.075,8.643,5.762,-10128498,312
"1615",11,12,"Head Before",12,654.609,466.803,18.044,12.029,-10717565,312
"1616",12,13,"Head Before",13,650.88,453.921,13.411,8.941,-9536628,312
"1617",13,14,"Head Before",14,643.083,445.446,11.516,7.677,-10193788,312
"1618",14,15,"Head Before",15,636.642,435.615,11.753,7.835,-10914170,312
"1619",15,16,"Head Before",16,643.083,442.056,9.109,6.073,-10850454,312
"1620",16,17,"Head Before",17,648.846,449.175,9.159,6.106,-10717326,312
"1621",17,18,"Head Before",18,651.558,450.531,3.032,2.021,-10651784,312
"1622",18,19,"Head Before",19,657.999,450.531,6.441,4.294,-10193027,312
"1623",19,20,"Head Before",20,657.999,451.209,0.678,0.452,-9730935,312
"1624",20,21,"Head Before",21,657.999,451.209,0,0,-9402733,312
"1625",21,22,"Head Before",22,657.999,451.209,0,0,-9336942,312
"1626",22,23,"Head Before",23,664.44,449.175,6.755,4.503,-9862001,312
"1627",23,24,"Head Before",24,662.406,447.48,2.648,1.765,-9993078,312
"1628",24,25,"Head Before",25,662.406,450.531,3.051,2.034,-9928839,312
"1701",1,2,"Head Before",2,461.718,593.25,13.164,8.776,-10585714,321
"1702",2,3,"Head Before",3,464.091,567.147,26.211,17.474,-10125163,321
"1703",3,4,"Head Before",4,463.413,552.231,14.931,9.954,-10322536,321
"1704",4,5,"Head Before",5,464.091,532.23,20.012,13.342,-10652524,321
"1705",5,6,"Head Before",6,465.447,509.517,22.753,15.169,-10652012,321
"1706",6,7,"Head Before",7,468.837,493.923,15.958,10.639,-10388075,321
"1707",7,8,"Head Before",8,468.837,485.448,8.475,5.65,-10322546,321
"1708",8,9,"Head Before",9,475.956,472.566,14.718,9.812,-10126709,321
"1709",9,10,"Head Before",10,479.007,457.65,15.225,10.15,-9535848,321
"1710",10,11,"Head Before",11,489.516,427.818,31.629,21.086,-9535599,321
"1711",11,12,"Head Before",12,494.601,412.224,16.402,10.935,-9468274,321
"1712",12,13,"Head Before",13,498.669,411.207,4.193,2.795,-10322035,321
"1713",13,14,"Head Before",14,503.076,406.461,6.477,4.318,-10257004,321
"1714",14,15,"Head Before",15,503.754,408.495,2.144,1.429,-9930349,321
"1715",15,16,"Head Before",16,503.754,407.139,1.356,0.904,-9797993,321
"1716",16,17,"Head Before",17,504.432,404.088,3.125,2.084,-10126946,321
"1717",17,18,"Head Before",18,512.229,387.816,18.044,12.029,-10058361,321
"1718",18,19,"Head Before",19,495.957,380.019,18.044,12.029,-10324338,321
"1719",19,20,"Head Before",20,483.753,424.089,45.729,30.486,-11710896,321
"1720",20,21,"Head Before",21,503.076,429.852,20.164,13.443,-10523558,321
"1721",21,22,"Head Before",22,501.72,429.852,1.356,0.904,-11047332,321
"1722",22,23,"Head Before",23,504.432,431.208,3.032,2.021,-11309976,321
"1723",23,24,"Head Before",24,505.788,434.259,3.339,2.226,-9599878,321
"1724",24,25,"Head Before",25,525.789,429.174,20.637,13.758,-9401693,321
"1725",25,26,"Head Before",26,531.552,428.496,5.803,3.868,-9993581,321
"1726",26,27,"Head Before",27,532.23,425.445,3.125,2.084,-10123888,321
"1727",27,28,"Head Before",28,532.908,427.14,1.826,1.217,-9532779,321
"1728",28,29,"Head Before",29,533.586,422.733,4.459,2.973,-9800048,321
"1729",29,30,"Head Before",30,533.586,446.124,23.391,15.594,-9864805,321
"1730",30,31,"Head Before",31,516.636,457.65,20.498,13.665,-9931120,321
"1731",31,32,"Head Before",32,517.314,458.328,0.959,0.639,-9666170,321
"1732",32,33,"Head Before",33,527.823,464.091,11.985,7.99,-9204853,321
"1733",33,34,"Head Before",34,525.111,462.396,3.198,2.132,-9534067,321
"1734",34,35,"Head Before",35,519.348,458.328,7.054,4.703,-8220527,321
"1735",35,36,"Head Before",36,513.585,454.599,6.864,4.576,-10063266,321
"1736",36,37,"Head Before",37,522.399,467.481,15.609,10.406,-10265474,321
"1737",37,38,"Head Before",38,523.755,460.362,7.247,4.831,-9865594,321
"1738",38,39,"Head Before",39,517.992,459.684,5.803,3.868,-10321263,321
"1739",39,40,"Head Before",40,517.314,468.837,9.178,6.119,-10584453,321
"1740",40,41,"Head Before",41,510.195,476.634,10.558,7.039,-10387325,321
"1741",41,42,"Head Before",42,497.313,481.041,13.615,9.077,-10389879,321
"1742",42,43,"Head Before",43,488.16,478.329,9.546,6.364,-10191991,321
"1743",43,44,"Head Before",44,497.991,487.482,13.432,8.955,-9664115,321
"1744",44,45,"Head Before",45,495.957,474.6,13.042,8.694,-9927287,321
"1745",45,46,"Head Before",46,483.753,459.006,19.802,13.201,-9870706,321
"1746",46,47,"Head Before",47,484.431,449.853,9.178,6.119,-11110799,321
"1747",47,48,"Head Before",48,471.888,451.887,12.707,8.471,-9665904,321
"1748",48,49,"Head Before",49,467.481,460.362,9.552,6.368,-10123637,321
"1749",49,50,"Head Before",50,473.922,461.718,6.582,4.388,-9730166,321
"1750",50,51,"Head Before",51,464.769,473.244,14.718,9.812,-10255472,321
"1751",51,52,"Head Before",52,462.396,473.922,2.468,1.645,-9336688,321
"1752",52,53,"Head Before",53,477.312,462.396,18.85,12.567,-10001281,321
"1753",53,54,"Head Before",54,474.6,456.294,6.678,4.452,-9269880,321
"1754",54,55,"Head Before",55,473.922,444.09,12.223,8.149,-9863274,321
"1755",55,56,"Head Before",56,487.482,435.615,15.991,10.66,-9928039,321
"1756",56,57,"Head Before",57,504.432,427.14,18.951,12.634,-9731698,321
"1757",57,58,"Head Before",58,513.585,445.446,20.467,13.644,-9404272,321
"1758",58,59,"Head Before",59,510.873,459.684,14.494,9.663,-10124666,321
"1759",59,60,"Head Before",60,495.279,473.244,20.665,13.777,-10126455,321
"1760",60,61,"Head Before",61,492.228,471.888,3.339,2.226,-10059647,321
"1761",61,62,"Head Before",62,500.364,465.447,10.377,6.918,-9535096,321
"1762",62,63,"Head Before",63,505.788,467.481,5.793,3.862,-9865065,321
"1763",63,64,"Head Before",64,509.517,467.481,3.729,2.486,-10060663,321
"1764",64,65,"Head Before",65,502.398,464.769,7.618,5.079,-9203813,321
"1765",65,66,"Head Before",66,497.313,466.125,5.263,3.508,-9270889,321
"1766",66,67,"Head Before",67,503.754,469.515,7.279,4.852,-9931889,321
"1767",67,68,"Head Before",68,503.754,464.769,4.746,3.164,-10256763,321
"1768",68,69,"Head Before",69,484.431,467.481,19.512,13.008,-10785951,321
"1769",69,70,"Head Before",70,479.007,453.243,15.236,10.157,-11373718,321
"1770",70,71,"Head Before",71,481.041,486.804,33.623,22.415,-9667175,321
"1771",71,72,"Head Before",72,471.888,474.6,15.255,10.17,-9600630,321
"1772",72,73,"Head Before",73,487.482,472.566,15.726,10.484,-10588036,321
"1773",73,74,"Head Before",74,482.397,469.515,5.93,3.953,-9335408,321
"1774",74,75,"Head Before",75,493.245,464.091,12.128,8.086,-10527384,321
"1775",75,76,"Head Before",76,489.516,453.243,11.471,7.647,-12434590,321
"1776",76,77,"Head Before",77,477.312,447.48,13.496,8.998,-9930108,321
"1777",77,78,"Head Before",78,469.515,459.684,14.482,9.655,-9862005,321
"1778",78,79,"Head Before",79,469.515,461.718,2.034,1.356,-9799809,321
"1779",79,80,"Head Before",80,466.125,463.413,3.79,2.527,-9405541,321
"1780",80,81,"Head Before",81,471.888,452.565,12.284,8.189,-10191217,321
"1781",81,82,"Head Before",82,477.312,448.158,6.989,4.659,-10124656,321
"1782",82,83,"Head Before",83,486.126,453.243,10.176,6.784,-9664873,321
"1783",83,84,"Head Before",84,503.754,456.972,18.018,12.012,-10126445,321
"1784",84,85,"Head Before",85,515.958,461.04,12.864,8.576,-9535336,321
"1785",85,86,"Head Before",86,525.789,464.091,10.294,6.862,-9537389,321
"1786",86,87,"Head Before",87,537.315,468.837,12.465,8.31,-9337709,321
"1787",87,88,"Head Before",88,527.145,476.634,12.815,8.543,-9730168,321
"1788",88,89,"Head Before",89,522.399,468.837,9.128,6.085,-10716803,321
"1789",89,90,"Head Before",90,521.382,480.363,11.571,7.714,-9270897,321
"1790",90,91,"Head Before",91,531.552,483.753,10.72,7.147,-10059130,321
"1791",91,92,"Head Before",92,537.315,480.363,6.686,4.457,-11176063,321
"1792",92,93,"Head Before",93,543.417,474.6,8.393,5.595,-10849929,321
"1793",93,94,"Head Before",94,547.824,471.21,5.56,3.707,-10258042,321
"1794",94,95,"Head Before",95,538.671,474.6,9.761,6.507,-9732475,321
"1795",95,96,"Head Before",96,542.739,482.397,8.794,5.863,-9600127,321
"1796",96,97,"Head Before",97,560.028,462.396,26.438,17.625,-9469029,321
"1797",97,98,"Head Before",98,544.434,437.649,29.25,19.5,-9666672,321
"1798",98,99,"Head Before",99,495.957,409.173,56.222,37.481,-10454393,321
"1799",99,100,"Head Before",100,469.515,405.783,26.658,17.772,-10585467,321
"1800",100,101,"Head Before",101,467.481,411.207,5.793,3.862,-9729647,321
"1801",101,102,"Head Before",102,469.515,418.326,7.404,4.936,-10124403,321
"1802",102,103,"Head Before",103,479.007,422.733,10.465,6.977,-10387060,321
"1803",103,104,"Head Before",104,471.888,425.445,7.618,5.079,-10325367,321
"1804",104,105,"Head Before",105,454.599,414.936,20.232,13.488,-9864556,321
"1805",105,106,"Head Before",106,459.006,391.545,23.803,15.868,-9732198,321
"1806",106,107,"Head Before",107,483.753,375.273,29.617,19.745,-9402208,321
"1807",107,108,"Head Before",108,487.482,368.154,8.037,5.358,-10388088,321
"1808",108,109,"Head Before",109,496.635,365.781,9.456,6.304,-9928801,321
"1809",109,110,"Head Before",110,503.754,369.51,8.037,5.358,-9996651,321
"1810",110,111,"Head Before",111,509.517,368.832,5.803,3.868,-9797229,321
"1811",111,112,"Head Before",112,502.398,371.544,7.618,5.079,-9009004,321
"1812",112,113,"Head Before",113,487.482,388.494,22.579,15.052,-9796226,321
"1813",113,114,"Head Before",114,471.21,407.817,25.262,16.841,-9862256,321
"1814",114,115,"Head Before",115,452.565,431.208,29.913,19.942,-9337718,321
"1815",115,116,"Head Before",116,449.853,420.699,10.853,7.236,-10263948,321
"1816",116,117,"Head Before",117,449.853,412.902,7.797,5.198,-8945269,321
"1817",117,118,"Head Before",118,460.362,404.088,13.716,9.144,-12817575,321
"1818",118,119,"Head Before",119,453.243,401.376,7.618,5.079,-9534570,321
"1819",119,120,"Head Before",120,450.531,402.054,2.795,1.864,-8814186,321
"1820",120,121,"Head Before",121,452.565,394.257,8.058,5.372,-9274460,321
"1821",121,122,"Head Before",122,453.243,385.782,8.502,5.668,-9272687,321
"1822",122,123,"Head Before",123,445.446,378.663,10.558,7.039,-11314579,321
"1823",123,124,"Head Before",124,447.48,380.019,2.445,1.63,-9471087,321
"1824",124,125,"Head Before",125,434.259,404.088,27.461,18.307,-9533040,321
"1825",125,126,"Head Before",126,444.09,412.224,12.761,8.507,-9599601,321
"1826",126,127,"Head Before",127,442.056,400.698,11.704,7.803,-8814184,321
"1827",127,128,"Head Before",128,442.056,400.02,0.678,0.452,-9863551,321
"1828",128,129,"Head Before",129,443.412,400.698,1.516,1.011,-9732725,321
"1829",129,130,"Head Before",130,440.361,392.223,9.007,6.005,-9666156,321
"1830",130,131,"Head Before",131,446.802,390.867,6.582,4.388,-9995372,321
"1831",131,132,"Head Before",132,459.006,394.935,12.864,8.576,-10519183,321
"1832",132,133,"Head Before",133,466.803,387.138,11.027,7.351,-12035474,321
"1833",133,134,"Head Before",134,475.278,388.494,8.583,5.722,-11898005,321
"1834",134,135,"Head Before",135,472.566,397.986,9.872,6.581,-11181451,321
"1835",135,136,"Head Before",136,477.312,402.732,6.712,4.475,-9729645,321
"1836",136,137,"Head Before",137,486.804,405.783,9.97,6.647,-9599072,321
"1837",137,138,"Head Before",138,491.55,403.41,5.306,3.537,-9796703,321
"1838",138,139,"Head Before",139,448.158,439.005,56.124,37.416,-10517880,321
"1839",139,140,"Head Before",140,441.378,390.867,48.613,32.409,-12227720,321
"1840",140,141,"Head Before",141,445.446,391.545,4.124,2.749,-10126180,321
"1841",141,142,"Head Before",142,461.718,380.019,19.941,13.294,-10254441,321
"1842",142,143,"Head Before",143,461.04,372.222,7.826,5.218,-9995113,321
"1843",143,144,"Head Before",144,445.446,372.9,15.609,10.406,-10322542,321
"1844",144,145,"Head Before",145,439.683,368.832,7.054,4.703,-10453103,321
"1845",145,146,"Head Before",146,437.649,363.069,6.111,4.074,-10059633,321
"1846",146,147,"Head Before",147,431.886,354.594,10.249,6.833,-10520939,321
"1847",147,148,"Head Before",148,438.327,353.238,6.582,4.388,-10388087,321
"1848",148,149,"Head Before",149,431.886,356.628,7.279,4.852,-10385780,321
"1849",149,150,"Head Before",150,428.496,356.628,3.39,2.26,-10653053,321
"1850",150,151,"Head Before",151,429.174,354.594,2.144,1.429,-10256501,321
"1851",151,152,"Head Before",152,428.496,356.628,2.144,1.429,-10387836,321
"1852",152,153,"Head Before",153,429.852,356.628,1.356,0.904,-10191221,321
"1853",153,154,"Head Before",154,432.564,355.272,3.032,2.021,-10256501,321
"1854",154,155,"Head Before",155,434.937,353.916,2.733,1.822,-10124913,321
"1855",155,156,"Head Before",156,436.971,353.916,2.034,1.356,-10190950,321
"1856",156,157,"Head Before",157,439.005,355.95,2.877,1.918,-10060916,321
"1857",157,158,"Head Before",158,438.327,356.628,0.959,0.639,-10717061,321
"1858",158,159,"Head Before",159,439.005,356.628,0.678,0.452,-10060663,321
"1859",159,160,"Head Before",160,438.327,355.95,0.959,0.639,-10059900,321
"1860",160,161,"Head Before",161,434.259,349.509,7.618,5.079,-10256751,321
"1861",161,162,"Head Before",162,432.564,346.119,3.79,2.527,-10123900,321
"1862",162,163,"Head Before",163,429.852,343.746,3.604,2.402,-9927544,321
"1863",163,164,"Head Before",164,428.496,339.678,4.288,2.859,-10258041,321
"1864",164,165,"Head Before",165,427.818,335.949,3.79,2.527,-9797239,321
"1865",165,166,"Head Before",166,429.174,333.237,3.032,2.021,-10058358,321
"1866",166,167,"Head Before",167,427.14,330.186,3.667,2.445,-9729629,321
"1867",167,168,"Head Before",168,422.733,326.796,5.56,3.707,-10586494,321
"1868",168,169,"Head Before",169,416.292,321.711,8.206,5.471,-10059130,321
"1869",169,170,"Head Before",170,411.207,318.321,6.111,4.074,-10057593,321
"1870",170,171,"Head Before",171,412.224,322.389,4.193,2.795,-10450545,321
"1871",171,172,"Head Before",172,412.224,321.033,1.356,0.904,-10192769,321
"1872",172,173,"Head Before",173,412.224,319.677,1.356,0.904,-9666443,321
"1873",173,174,"Head Before",174,412.224,319.677,0,0,-10124154,321
"1874",174,175,"Head Before",175,412.224,320.355,0.678,0.452,-10191746,321
"1875",175,176,"Head Before",176,413.58,320.355,1.356,0.904,-9667461,321
"2403",1,2,"Head Before",2,338.322,566.469,47.558,31.705,-8357729,411
"2404",2,3,"Head Before",3,355.272,547.146,25.704,17.136,-7048001,411
"2405",3,4,"Head Before",4,370.188,508.839,41.109,27.406,-7495524,411
"2406",4,5,"Head Before",5,383.07,489.516,23.223,15.482,-8225624,411
"2407",5,6,"Head Before",6,392.901,490.194,9.854,6.57,-9667177,411
"2408",6,7,"Head Before",7,420.699,480.363,29.485,19.657,-9539681,411
"2409",7,8,"Head Before",8,456.972,466.125,38.967,25.978,-9072475,411
"2410",8,9,"Head Before",9,500.364,460.362,43.773,29.182,-9406072,411
"2411",9,10,"Head Before",10,516.636,474.6,21.622,14.414,-10388612,411
"2412",10,11,"Head Before",11,532.908,486.126,19.941,13.294,-9602679,411
"2413",11,12,"Head Before",12,534.942,486.804,2.144,1.429,-9929847,411
"2414",12,13,"Head Before",13,534.264,489.516,2.795,1.864,-10259574,411
"2415",13,14,"Head Before",14,539.349,497.313,9.309,6.206,-9798771,411
"2416",14,15,"Head Before",15,541.383,501.72,4.854,3.236,-10127998,411
"2417",15,16,"Head Before",16,547.824,490.194,13.204,8.802,-9732989,411
"2418",16,17,"Head Before",17,549.18,486.126,4.288,2.859,-10256250,411
"2419",17,18,"Head Before",18,549.18,478.329,7.797,5.198,-10715770,411
"2420",18,19,"Head Before",19,552.231,475.956,3.865,2.577,-10126204,411
"2421",19,20,"Head Before",20,552.231,479.007,3.051,2.034,-10323835,411
"2422",20,21,"Head Before",21,560.706,479.685,8.502,5.668,-7568742,411
"2423",21,22,"Head Before",22,563.418,475.956,4.611,3.074,-6848089,411
"2424",22,23,"Head Before",23,565.452,472.566,3.953,2.636,-10521214,411
"2425",23,24,"Head Before",24,565.452,472.566,0,0,-10586755,411
"2426",24,25,"Head Before",25,560.028,475.956,6.396,4.264,-10193540,411
"2427",25,26,"Head Before",26,558.333,481.041,5.36,3.573,-9667961,411
"2428",26,27,"Head Before",27,562.062,477.312,5.274,3.516,-10322821,411
"2429",27,28,"Head Before",28,564.774,473.244,4.889,3.259,-10522754,411
"2430",28,29,"Head Before",29,564.774,468.159,5.085,3.39,-10323835,411
"2431",29,30,"Head Before",30,566.469,468.837,1.826,1.217,-10060411,411
"2432",30,31,"Head Before",31,578.334,468.837,11.865,7.91,-10256751,411
"2433",31,32,"Head Before",32,599.013,463.413,21.379,14.252,-8618596,411
"2434",32,33,"Head Before",33,611.217,453.243,15.886,10.591,-8619624,411
"2435",33,34,"Head Before",34,613.929,443.412,10.198,6.799,-10126455,411
"2436",34,35,"Head Before",35,617.319,432.564,11.365,7.577,-10455171,411
"2437",35,36,"Head Before",36,619.014,428.496,4.407,2.938,-10325367,411
"2438",36,37,"Head Before",37,623.76,419.343,10.31,6.874,-10455411,411
"2439",37,38,"Head Before",38,631.557,394.935,25.623,17.082,-9471849,411
"2440",38,39,"Head Before",39,633.252,395.613,1.826,1.217,-9538408,411
"2441",39,40,"Head Before",40,634.608,375.273,20.385,13.59,-8554597,411
"2442",40,41,"Head Before",41,620.37,353.238,26.235,17.49,-8745341,411
"2443",41,42,"Head Before",42,607.488,337.305,20.489,13.659,-9535848,411
"2444",42,43,"Head Before",43,597.657,308.151,30.767,20.511,-7830361,411
"2445",43,44,"Head Before",44,599.013,285.438,22.753,15.169,-5004855,411
"2446",44,45,"Head Before",45,589.86,267.132,20.467,13.644,-9076075,411
"2447",45,46,"Head Before",46,574.266,270.522,15.958,10.639,-7307877,411
"2448",46,47,"Head Before",47,564.774,265.776,10.612,7.075,-9734008,411
"2449",47,48,"Head Before",48,554.943,266.454,9.854,6.57,-10257531,411
"2450",48,49,"Head Before",49,553.587,265.098,1.918,1.278,-10585466,411
"2451",49,50,"Head Before",50,554.943,262.725,2.733,1.822,-9796479,411
"2452",50,51,"Head Before",51,557.655,259.335,4.341,2.894,-9862779,411
"2453",51,52,"Head Before",52,556.299,262.725,3.651,2.434,-9864323,411
"2454",52,53,"Head Before",53,554.943,265.098,2.733,1.822,-9143421,411
"2455",53,54,"Head Before",54,554.265,264.081,1.222,0.815,-10585213,411
"2456",54,55,"Head Before",55,554.943,260.691,3.457,2.305,-10782846,411
"2457",55,56,"Head Before",56,547.824,262.725,7.404,4.936,-9931386,411
"2458",56,57,"Head Before",57,544.434,265.098,4.138,2.759,-9341819,411
"2459",57,58,"Head Before",58,545.112,273.573,8.502,5.668,-10193026,411
"2460",58,59,"Head Before",59,544.434,274.251,0.959,0.639,-9277057,411
"2461",59,60,"Head Before",60,546.468,274.929,2.144,1.429,-6847837,411
"2462",60,61,"Head Before",61,536.298,287.133,15.886,10.591,-8483689,411
"2463",61,62,"Head Before",62,527.823,305.439,20.173,13.448,-8946810,411
"2464",62,63,"Head Before",63,522.399,322.389,17.797,11.864,-9076856,411
"2465",63,64,"Head Before",64,520.704,333.237,10.98,7.32,-9930616,411
"2466",64,65,"Head Before",65,518.67,348.831,15.726,10.484,-8749684,411
"2467",65,66,"Head Before",66,513.585,365.103,17.048,11.365,-9666425,411
"2468",66,67,"Head Before",67,519.348,383.748,19.515,13.01,-7698021,411
"2469",67,68,"Head Before",68,520.704,402.054,18.356,12.237,-9139048,411
"2470",68,69,"Head Before",69,517.992,420.021,18.171,12.114,-8288353,411
"2471",69,70,"Head Before",70,514.263,441.378,21.68,14.453,-8614756,411
"2472",70,71,"Head Before",71,519.348,461.04,20.309,13.539,-8553843,411
"2473",71,72,"Head Before",72,525.111,482.397,22.121,14.747,-9400941,411
"2474",72,73,"Head Before",73,537.315,501.72,22.854,15.236,-9274737,411
"2475",73,74,"Head Before",74,537.315,502.398,0.678,0.452,-10062723,411
"2476",74,75,"Head Before",75,534.942,505.11,3.604,2.402,-9863553,411
"2477",75,76,"Head Before",76,534.264,503.754,1.516,1.011,-9405292,411
"2478",76,77,"Head Before",77,534.264,508.161,4.407,2.938,-9862773,411
"2479",77,78,"Head Before",78,531.552,505.11,4.082,2.721,-8358006,411
"2480",78,79,"Head Before",79,527.823,505.11,3.729,2.486,-8487020,411
"2481",79,80,"Head Before",80,525.111,504.432,2.795,1.864,-7898223,411
"2482",80,81,"Head Before",81,532.908,505.11,7.826,5.218,-10721680,411
"2483",81,82,"Head Before",82,536.298,507.483,4.138,2.759,-9800838,411
"2484",82,83,"Head Before",83,539.349,515.958,9.007,6.005,-10257279,411
"2485",83,84,"Head Before",84,552.909,532.23,21.181,14.121,-9867647,411
"2486",84,85,"Head Before",85,564.774,542.739,15.85,10.567,-8423043,411
"2487",85,86,"Head Before",86,571.215,540.705,6.755,4.503,-9537911,411
"2488",86,87,"Head Before",87,581.385,547.146,12.038,8.025,-8947071,411
"2489",87,88,"Head Before",88,589.86,551.214,9.401,6.267,-9865601,411
"2490",88,89,"Head Before",89,599.691,555.621,10.774,7.182,-9671821,411
"2491",89,90,"Head Before",90,600.369,556.977,1.516,1.011,-7571562,411
"2492",90,91,"Head Before",91,620.37,564.774,21.467,14.311,-9931397,411
"2493",91,92,"Head Before",92,633.252,581.385,21.021,14.014,-9802121,411
"2494",92,93,"Head Before",93,621.726,586.809,12.738,8.492,-10325642,411
"2495",93,94,"Head Before",94,626.811,595.284,9.883,6.589,-9340295,411
"2496",94,95,"Head Before",95,621.726,593.25,5.477,3.651,-9866876,411
"2497",95,96,"Head Before",96,626.133,593.928,4.459,2.973,-9666693,411
"2498",96,97,"Head Before",97,617.319,599.013,10.176,6.784,-9472126,411
"2499",97,98,"Head Before",98,617.319,606.81,7.797,5.198,-8751749,411
"2500",98,99,"Head Before",99,618.336,621.726,14.951,9.967,-8871533,411
"2501",99,100,"Head Before",100,619.692,626.133,4.611,3.074,-5931365,411
"2502",100,101,"Head Before",101,625.455,620.37,8.15,5.433,-10851735,411
"2503",101,102,"Head Before",102,622.404,616.641,4.818,3.212,-12621726,411
"2504",102,103,"Head Before",103,627.489,614.607,5.477,3.651,-11506592,411
"2505",103,104,"Head Before",104,619.692,613.929,7.826,5.218,-12691128,411
"2506",104,105,"Head Before",105,623.76,608.844,6.512,4.341,-8816764,411
"2507",105,106,"Head Before",106,619.692,605.454,5.295,3.53,-13947311,411
"2508",106,107,"Head Before",107,608.844,601.725,11.471,7.647,-11645891,411
"2509",107,108,"Head Before",108,604.776,601.047,4.124,2.749,-12749183,411
"2510",108,109,"Head Before",109,600.369,603.42,5.005,3.337,-10855856,411
"2511",109,110,"Head Before",110,591.894,593.928,12.725,8.483,-9803148,411
"2512",110,111,"Head Before",111,586.131,591.894,6.111,4.074,-9864061,411
"2513",111,112,"Head Before",112,575.622,584.097,13.086,8.724,-8093803,411
"2514",112,113,"Head Before",113,575.622,569.859,14.238,9.492,-8027239,411
"2515",113,114,"Head Before",114,576.3,564.774,5.13,3.42,-8688240,411
"2516",114,115,"Head Before",115,578.334,562.74,2.877,1.918,-8878707,411
"2517",115,116,"Head Before",116,585.453,554.265,11.068,7.379,-8559736,411
"2518",116,117,"Head Before",117,591.216,547.824,8.643,5.762,-9263740,411
"2519",117,118,"Head Before",118,589.86,543.417,4.611,3.074,-11513535,411
"2520",118,119,"Head Before",119,592.572,545.79,3.604,2.402,-11184552,411
"2521",119,120,"Head Before",120,595.284,545.112,2.795,1.864,-7568542,411
"2879",1,2,"Head Before",2,655.287,250.86,21.021,14.014,-9537406,421
"2880",2,3,"Head Before",3,657.999,258.657,8.255,5.503,-9339762,421
"2881",3,4,"Head Before",4,653.592,258.657,4.407,2.938,-11440031,421
"2882",4,5,"Head Before",5,652.914,253.572,5.13,3.42,-10190716,421
"2883",5,6,"Head Before",6,658.677,262.047,10.249,6.833,-8552303,421
"2884",6,7,"Head Before",7,655.965,281.37,19.512,13.008,-10521481,421
"2885",7,8,"Head Before",8,643.761,299.676,22.001,14.667,-9270385,421
"2886",8,9,"Head Before",9,630.879,314.592,19.709,13.139,-9930355,421
"2887",9,10,"Head Before",10,633.252,311.202,4.138,2.759,-12958138,421
"2888",10,11,"Head Before",11,636.642,311.88,3.457,2.305,-9866641,421
"2889",11,12,"Head Before",12,639.354,315.27,4.341,2.894,-8554356,421
"2890",12,13,"Head Before",13,645.117,318.321,6.521,4.347,-10914956,421
"2891",13,14,"Head Before",14,663.762,311.88,19.726,13.151,-8679287,421
"2892",14,15,"Head Before",15,660.711,318.999,7.745,5.163,-9609100,421
"2893",15,16,"Head Before",16,668.508,323.067,8.794,5.863,-8486512,421
"2894",16,17,"Head Before",17,688.509,330.186,21.23,14.153,-7042397,421
"2895",17,18,"Head Before",18,692.238,328.83,3.968,2.645,-11449020,421
"2896",18,19,"Head Before",19,688.509,329.508,3.79,2.527,-10713717,421
"2897",19,20,"Head Before",20,694.272,320.355,10.816,7.211,-8356454,421
"2898",20,21,"Head Before",21,696.984,316.965,4.341,2.894,-10197128,421
"2899",21,22,"Head Before",22,694.272,314.592,3.604,2.402,-8487272,421
"2900",22,23,"Head Before",23,696.984,311.88,3.835,2.557,-9011063,421
"2901",23,24,"Head Before",24,714.273,293.235,25.427,16.952,-9539699,421
"2902",24,25,"Head Before",25,733.935,273.573,27.806,18.538,-10982303,421
"2903",25,26,"Head Before",26,739.02,259.335,15.119,10.079,-8029033,421
"2904",26,27,"Head Before",27,734.613,261.369,4.854,3.236,-10390408,421
"2905",27,28,"Head Before",28,735.63,267.132,5.852,3.901,-9664640,421
"2906",28,29,"Head Before",29,736.986,261.369,5.92,3.947,-8223848,421
"2907",29,30,"Head Before",30,736.308,260.691,0.959,0.639,-8948854,421
"2908",30,31,"Head Before",31,733.257,260.013,3.125,2.084,-9668725,421
"2909",31,32,"Head Before",32,733.257,243.741,16.272,10.848,-10395285,421
"2910",32,33,"Head Before",33,723.426,210.18,34.971,23.314,-9864574,421
"2911",33,34,"Head Before",34,710.544,184.077,29.109,19.406,-10722706,421
"2912",34,35,"Head Before",35,735.63,201.027,30.276,20.184,-14802109,421
"2913",35,36,"Head Before",36,744.105,208.146,11.068,7.379,-9798271,421
"2914",36,37,"Head Before",37,738.342,214.587,8.643,5.762,-7961714,421
"2915",37,38,"Head Before",38,755.292,228.147,21.707,14.471,-14083037,421
"2916",38,39,"Head Before",39,769.53,217.299,17.9,11.933,-10192516,421
"2917",39,40,"Head Before",40,765.462,208.824,9.401,6.267,-7436904,421
"2918",40,41,"Head Before",41,761.055,216.621,8.956,5.971,-8621703,421
"2919",41,42,"Head Before",42,758.343,215.265,3.032,2.021,-7968630,421
"2920",42,43,"Head Before",43,756.648,220.011,5.04,3.36,-8219802,421
"2921",43,44,"Head Before",44,749.529,212.892,10.068,6.712,-9530245,421
"2922",44,45,"Head Before",45,748.851,212.214,0.959,0.639,-11840672,421
"2923",45,46,"Head Before",46,752.58,212.214,3.729,2.486,-6780004,421
"2924",46,47,"Head Before",47,754.614,205.095,7.404,4.936,-16769218,421
"2925",47,48,"Head Before",48,753.936,205.095,0.678,0.452,-10463668,421
"2926",48,49,"Head Before",49,753.258,205.095,0.678,0.452,-10594753,421
"2927",49,50,"Head Before",50,754.614,205.095,1.356,0.904,-10522754,421
"2928",50,51,"Head Before",51,749.529,205.095,5.085,3.39,-14795475,421
"2929",51,52,"Head Before",52,746.817,203.739,3.032,2.021,-9210782,421
"2930",52,53,"Head Before",53,751.224,204.417,4.459,2.973,-11517885,421
"2931",53,54,"Head Before",54,752.58,204.417,1.356,0.904,-10342327,421
"2932",54,55,"Head Before",55,749.529,206.79,3.865,2.577,-7691891,421
"2933",55,56,"Head Before",56,743.427,214.587,9.901,6.601,-11434380,421
"2934",56,57,"Head Before",57,741.732,217.299,3.198,2.132,-9070446,421
"2935",57,58,"Head Before",58,737.664,221.706,5.998,3.998,-12750240,421
"2936",58,59,"Head Before",59,736.308,220.011,2.171,1.447,-15132103,421
"2937",59,60,"Head Before",60,731.901,222.384,5.005,3.337,-9405050,421
"2938",60,61,"Head Before",61,733.257,219.333,3.339,2.226,-7561819,421
"2939",61,62,"Head Before",62,730.545,224.418,5.763,3.842,-8289390,421
"2940",62,63,"Head Before",63,731.901,223.062,1.918,1.278,-8878447,421
"2941",63,64,"Head Before",64,729.189,222.384,2.795,1.864,-8421748,421
"2942",64,65,"Head Before",65,729.189,219.333,3.051,2.034,-9794684,421
"2943",65,66,"Head Before",66,727.494,221.706,2.916,1.944,-10060916,421
"2944",66,67,"Head Before",67,724.104,221.028,3.457,2.305,-8881543,421
"2945",67,68,"Head Before",68,722.07,218.655,3.125,2.084,-9607307,421
"2946",68,69,"Head Before",69,722.748,216.621,2.144,1.429,-10783631,421
"2947",69,70,"Head Before",70,720.375,215.265,2.733,1.822,-10262923,421
"2948",70,71,"Head Before",71,724.104,217.977,4.611,3.074,-9605289,421
"2949",71,72,"Head Before",72,724.104,217.299,0.678,0.452,-10647938,421
"2950",72,73,"Head Before",73,723.426,220.011,2.795,1.864,-10187645,421
"2951",73,74,"Head Before",74,723.426,218.655,1.356,0.904,-9075333,421
"2952",74,75,"Head Before",75,724.104,223.062,4.459,2.973,-9536385,421
"2953",75,76,"Head Before",76,724.104,215.265,7.797,5.198,-9336680,421
"2954",76,77,"Head Before",77,722.748,222.384,7.247,4.831,-9863810,421
"2955",77,78,"Head Before",78,722.748,215.943,6.441,4.294,-10456709,421
"2956",78,79,"Head Before",79,725.46,225.774,10.198,6.799,-11702418,421
"2957",79,80,"Head Before",80,725.46,220.011,5.763,3.842,-9602421,421
"2958",80,81,"Head Before",81,724.104,221.028,1.695,1.13,-10322321,421
"2959",81,82,"Head Before",82,724.104,224.418,3.39,2.26,-9869203,421
"2960",82,83,"Head Before",83,724.104,220.011,4.407,2.938,-8552054,421
"2961",83,84,"Head Before",84,726.138,215.265,5.163,3.442,-9533590,421
"2962",84,85,"Head Before",85,724.782,212.214,3.339,2.226,-8620925,421
"2963",85,86,"Head Before",86,725.46,210.858,1.516,1.011,-10392215,421
"2964",86,87,"Head Before",87,723.426,210.18,2.144,1.429,-9148800,421
"2965",87,88,"Head Before",88,719.697,210.858,3.79,2.527,-9476986,421
"2966",88,89,"Head Before",89,723.426,212.214,3.968,2.645,-9471121,421
"2967",89,90,"Head Before",90,719.697,212.892,3.79,2.527,-9406078,421
"2968",90,91,"Head Before",91,722.748,215.265,3.865,2.577,-8093541,421
"2969",91,92,"Head Before",92,731.901,215.265,9.153,6.102,-4215337,421
"2970",92,93,"Head Before",93,729.189,210.18,5.763,3.842,-9987929,421
"2971",93,94,"Head Before",94,726.816,208.824,2.733,1.822,-13022903,421
"2972",94,95,"Head Before",95,727.494,210.18,1.516,1.011,-12569275,421
"2973",95,96,"Head Before",96,726.816,209.502,0.959,0.639,-9533814,421
"2974",96,97,"Head Before",97,722.07,213.909,6.477,4.318,-9994872,421
"2975",97,98,"Head Before",98,725.46,208.146,6.686,4.457,-7849103,421
"2976",98,99,"Head Before",99,724.782,212.214,4.124,2.749,-7303766,421
"2977",99,100,"Head Before",100,727.494,211.536,2.795,1.864,-9137771,421
"2978",100,101,"Head Before",101,726.138,211.536,1.356,0.904,-13156307,421
"2979",101,102,"Head Before",102,726.816,207.468,4.124,2.749,-6787925,421
"2980",102,103,"Head Before",103,726.816,208.146,0.678,0.452,-8482937,421
"2981",103,104,"Head Before",104,724.104,210.858,3.835,2.557,-13348029,421
"2982",104,105,"Head Before",105,722.748,212.892,2.445,1.63,-7761247,421
"2983",105,106,"Head Before",106,721.392,215.943,3.339,2.226,-7559775,421
"2984",106,107,"Head Before",107,719.019,215.265,2.468,1.645,-9862021,421
"2985",107,108,"Head Before",108,721.392,212.214,3.865,2.577,-9009263,421
"2986",108,109,"Head Before",109,725.46,217.977,7.054,4.703,-14470350,421
"2987",109,110,"Head Before",110,726.816,219.333,1.918,1.278,-11636146,421
"2988",110,111,"Head Before",111,723.426,215.943,4.794,3.196,-14274251,421
"2989",111,112,"Head Before",112,724.104,214.587,1.516,1.011,-12158101,421
"2990",112,113,"Head Before",113,732.579,226.452,14.581,9.721,-13211304,421
"2991",113,114,"Head Before",114,726.138,219.333,9.6,6.4,-7624028,421
"2992",114,115,"Head Before",115,726.816,217.299,2.144,1.429,-9468025,421
"2993",115,116,"Head Before",116,729.189,214.587,3.604,2.402,-7235717,421
"2994",116,117,"Head Before",117,729.867,210.858,3.79,2.527,-7958642,421
"2995",117,118,"Head Before",118,726.816,210.18,3.125,2.084,-13882567,421
"2996",118,119,"Head Before",119,726.138,217.977,7.826,5.218,-12683166,421
"2997",119,120,"Head Before",120,723.426,212.892,5.763,3.842,-7166038,421
"2998",120,121,"Head Before",121,723.426,209.502,3.39,2.26,-11180961,421
"2999",121,122,"Head Before",122,722.748,212.892,3.457,2.305,-9604500,421
"3000",122,123,"Head Before",123,722.748,210.858,2.034,1.356,-11056574,421
"3001",123,124,"Head Before",124,722.07,209.502,1.516,1.011,-7362924,421
"3002",124,125,"Head Before",125,722.07,210.858,1.356,0.904,-7755605,421
"3003",125,126,"Head Before",126,723.426,211.536,1.516,1.011,-7431012,421
"3004",126,127,"Head Before",127,722.748,214.587,3.125,2.084,-9209982,421
"3005",127,128,"Head Before",128,723.426,221.028,6.477,4.318,-10322321,421
"3006",128,129,"Head Before",129,722.748,211.536,9.516,6.344,-13013171,421
"3007",129,130,"Head Before",130,722.07,212.892,1.516,1.011,-10395582,421
"3008",130,131,"Head Before",131,722.07,212.892,0,0,-11510453,421
"3009",131,132,"Head Before",132,725.46,218.655,6.686,4.457,-11246754,421
"3010",132,133,"Head Before",133,727.494,222.384,4.248,2.832,-5391945,421
"3011",133,134,"Head Before",134,726.816,221.028,1.516,1.011,-15066069,421
"3012",134,135,"Head Before",135,724.104,219.333,3.198,2.132,-9859709,421
"3013",135,136,"Head Before",136,721.392,215.265,4.889,3.259,-13936058,421
"3014",136,137,"Head Before",137,721.392,214.587,0.678,0.452,-12236218,421
"3015",137,138,"Head Before",138,722.748,219.333,4.936,3.291,-8419951,421
"3016",138,139,"Head Before",139,724.782,221.706,3.125,2.084,-7630949,421
"3017",139,140,"Head Before",140,729.189,222.384,4.459,2.973,-12355490,421
"3018",140,141,"Head Before",141,726.138,223.062,3.125,2.084,-8816255,421
"3019",141,142,"Head Before",142,726.816,219.333,3.79,2.527,-15132634,421
"3020",142,143,"Head Before",143,724.782,217.977,2.445,1.63,-12559280,421
"3021",143,144,"Head Before",144,721.392,210.18,8.502,5.668,-10326689,421
"3022",144,145,"Head Before",145,719.697,212.214,2.648,1.765,-7824230,421
"3023",145,146,"Head Before",146,721.392,213.909,2.397,1.598,-11646150,421
"3024",146,147,"Head Before",147,721.392,210.858,3.051,2.034,-9867159,421
"3025",147,148,"Head Before",148,721.392,210.18,0.678,0.452,-13217210,421
"3026",148,149,"Head Before",149,720.375,210.858,1.222,0.815,-7637884,421
"3027",149,150,"Head Before",150,722.748,212.214,2.733,1.822,-13416142,421
"3028",150,151,"Head Before",151,722.748,212.214,0,0,-10982044,421
"3029",151,152,"Head Before",152,721.392,212.214,1.356,0.904,-9735833,421
"3030",152,153,"Head Before",153,722.07,211.536,0.959,0.639,-13486288,421
"3031",153,154,"Head Before",154,720.375,212.214,1.826,1.217,-11239570,421
"3032",154,155,"Head Before",155,720.375,213.909,1.695,1.13,-9535358,421
"3033",155,156,"Head Before",156,722.07,213.909,1.695,1.13,-13741998,421
"3034",156,157,"Head Before",157,722.07,212.892,1.017,0.678,-14000305,421
"3035",157,158,"Head Before",158,720.375,212.892,1.695,1.13,-9731446,421
"3036",158,159,"Head Before",159,719.697,214.587,1.826,1.217,-12096421,421
"3037",159,160,"Head Before",160,719.019,212.892,1.826,1.217,-12160948,421
"3038",160,161,"Head Before",161,718.341,212.892,0.678,0.452,-8816024,421
"3039",161,162,"Head Before",162,717.663,210.858,2.144,1.429,-6436943,421
"3040",162,163,"Head Before",163,717.663,212.214,1.356,0.904,-9932424,421
"3041",163,164,"Head Before",164,719.019,210.858,1.918,1.278,-14400709,421
"3042",164,165,"Head Before",165,720.375,210.18,1.516,1.011,-14078672,421
"3535",1,2,"Head Before",2,583.419,67.461,25.784,17.189,-10521483,422
"3536",2,3,"Head Before",3,568.503,87.801,25.223,16.815,-8480868,422
"3537",3,4,"Head Before",4,555.621,109.836,25.524,17.016,-7826272,422
"3538",4,5,"Head Before",5,547.824,144.075,35.116,23.41,-10129562,422
"3539",5,6,"Head Before",6,538.671,163.398,21.381,14.254,-7632241,422
"3540",6,7,"Head Before",7,526.467,179.67,20.34,13.56,-9141093,422
"3541",7,8,"Head Before",8,510.873,201.027,26.444,17.629,-9339774,422
"3542",8,9,"Head Before",9,492.228,202.383,18.694,12.463,-9668739,422
"3543",9,10,"Head Before",10,488.16,198.993,5.295,3.53,-8418421,422
"3544",10,11,"Head Before",11,486.126,201.027,2.877,1.918,-5592657,422
"3545",11,12,"Head Before",12,481.041,200.349,5.13,3.42,-5794385,422
"3546",12,13,"Head Before",13,479.685,201.705,1.918,1.278,-6978186,422
"3547",13,14,"Head Before",14,474.6,203.061,5.263,3.508,-7435872,422
"3548",14,15,"Head Before",15,468.837,201.027,6.111,4.074,-8817528,422
"3549",15,16,"Head Before",16,468.837,201.027,0,0,-7438442,422
"3550",16,17,"Head Before",17,468.159,201.705,0.959,0.639,-5204295,422
"3551",17,18,"Head Before",18,464.769,198.993,4.341,2.894,-9401717,422
"3552",18,19,"Head Before",19,464.769,195.942,3.051,2.034,-7372643,422
"3553",19,20,"Head Before",20,464.091,201.027,5.13,3.42,-9076863,422
"3554",20,21,"Head Before",21,466.125,199.671,2.445,1.63,-7370096,422
"3555",21,22,"Head Before",22,463.413,199.671,2.712,1.808,-5530445,422
"3556",22,23,"Head Before",23,460.362,201.027,3.339,2.226,-6125646,422
"3557",23,24,"Head Before",24,463.413,199.671,3.339,2.226,-6781284,422
"3558",24,25,"Head Before",25,461.718,197.976,2.397,1.598,-9274245,422
"3559",25,26,"Head Before",26,464.091,196.62,2.733,1.822,-6978669,422
"3560",26,27,"Head Before",27,463.413,197.298,0.959,0.639,-7766899,422
"3561",27,28,"Head Before",28,461.718,195.942,2.171,1.447,-8223849,422
"3562",28,29,"Head Before",29,459.684,193.908,2.877,1.918,-7502699,422
"3563",29,30,"Head Before",30,461.718,194.586,2.144,1.429,-6645094,422
"3564",30,31,"Head Before",31,462.396,194.586,0.678,0.452,-5660507,422
"3565",31,32,"Head Before",32,461.718,195.264,0.959,0.639,-6709848,422
"3566",32,33,"Head Before",33,461.718,195.264,0,0,-9476503,422
"3567",33,34,"Head Before",34,457.65,195.264,4.068,2.712,-12758705,422
"3568",34,35,"Head Before",35,459.684,196.62,2.445,1.63,-11442331,422
"3569",35,36,"Head Before",36,461.04,195.264,1.918,1.278,-10528924,422
"3570",36,37,"Head Before",37,460.362,195.264,0.678,0.452,-10781842,422
"3571",37,38,"Head Before",38,463.413,195.942,3.125,2.084,-9211773,422
"3572",38,39,"Head Before",39,461.718,195.942,1.695,1.13,-7898983,422
"3573",39,40,"Head Before",40,461.04,193.23,2.795,1.864,-10320503,422
"3574",40,41,"Head Before",41,464.091,197.298,5.085,3.39,-7958359,422
"3575",41,42,"Head Before",42,462.396,198.993,2.397,1.598,-8548730,422
"3576",42,43,"Head Before",43,461.718,196.62,2.468,1.645,-9078147,422
"3577",43,44,"Head Before",44,461.04,201.027,4.459,2.973,-8288355,422
"3578",44,45,"Head Before",45,463.413,199.671,2.733,1.822,-6715499,422
"3579",45,46,"Head Before",46,471.21,206.112,10.113,6.742,-4935489,422
"3580",46,47,"Head Before",47,471.888,207.468,1.516,1.011,-7109730,422
"3581",47,48,"Head Before",48,470.193,206.112,2.171,1.447,-6382422,422
"3582",48,49,"Head Before",49,468.837,208.146,2.445,1.63,-10318207,422
"3583",49,50,"Head Before",50,464.769,205.095,5.085,3.39,-5469005,422
"3584",50,51,"Head Before",51,462.396,204.417,2.468,1.645,-9608849,422
"3585",51,52,"Head Before",52,463.413,207.468,3.216,2.144,-7499376,422
"3586",52,53,"Head Before",53,464.769,209.502,2.445,1.63,-6185043,422
"3587",53,54,"Head Before",54,461.718,206.79,4.082,2.721,-6845794,422
"3588",54,55,"Head Before",55,461.718,203.739,3.051,2.034,-8746622,422
"3589",55,56,"Head Before",56,459.006,203.061,2.795,1.864,-6382682,422
"3590",56,57,"Head Before",57,461.04,206.112,3.667,2.445,-9406342,422
"3591",57,58,"Head Before",58,459.006,200.349,6.111,4.074,-8082518,422
"3592",58,59,"Head Before",59,457.65,195.942,4.611,3.074,-10124413,422
"3593",59,60,"Head Before",60,457.65,194.586,1.356,0.904,-10260100,422
"3594",60,61,"Head Before",61,456.972,197.298,2.795,1.864,-5400892,422
"3595",61,62,"Head Before",62,457.65,201.027,3.79,2.527,-7373167,422
"3596",62,63,"Head Before",63,458.328,186.111,14.931,9.954,-11321274,422
"3597",63,64,"Head Before",64,456.972,187.467,1.918,1.278,-9992568,422
"3598",64,65,"Head Before",65,457.65,181.704,5.803,3.868,-11377829,422
"3599",65,66,"Head Before",66,457.65,181.704,0,0,-11909815,422
"3600",66,67,"Head Before",67,459.006,181.026,1.516,1.011,-10976398,422
"3601",67,68,"Head Before",68,458.328,181.026,0.678,0.452,-13221581,422
"3602",68,69,"Head Before",69,457.65,181.026,0.678,0.452,-6971480,422
"3603",69,70,"Head Before",70,459.684,178.314,3.39,2.26,-8092027,422
"3604",70,71,"Head Before",71,461.04,178.314,1.356,0.904,-11702942,422
"3605",71,72,"Head Before",72,459.684,181.026,3.032,2.021,-12171454,422
"3606",72,73,"Head Before",73,457.65,179.67,2.445,1.63,-6963269,422
"3607",73,74,"Head Before",74,459.006,178.992,1.516,1.011,-9481367,422
"3608",74,75,"Head Before",75,460.362,177.636,1.918,1.278,-11390903,422
"3609",75,76,"Head Before",76,461.04,183.06,5.466,3.644,-12037551,422
"3610",76,77,"Head Before",77,461.718,180.348,2.795,1.864,-11976108,422
"3611",77,78,"Head Before",78,459.006,182.382,3.39,2.26,-11183780,422
"3612",78,79,"Head Before",79,459.006,181.704,0.678,0.452,-10735543,422
"3613",79,80,"Head Before",80,459.006,183.06,1.356,0.904,-13815240,422
"3614",80,81,"Head Before",81,459.684,185.433,2.468,1.645,-11058890,422
"3615",81,82,"Head Before",82,459.006,188.823,3.457,2.305,-9279878,422
"3616",82,83,"Head Before",83,458.328,188.823,0.678,0.452,-8348002,422
"3617",83,84,"Head Before",84,460.362,193.908,5.477,3.651,-8555377,422
"3618",84,85,"Head Before",85,461.718,196.62,3.032,2.021,-7766111,422
"3619",85,86,"Head Before",86,461.04,193.23,3.457,2.305,-9074537,422
"3620",86,87,"Head Before",87,461.04,194.586,1.356,0.904,-7304303,422
"3621",87,88,"Head Before",88,461.04,194.586,0,0,-6842234,422
"3622",88,89,"Head Before",89,460.362,190.179,4.459,2.973,-4209965,422
"3623",89,90,"Head Before",90,459.684,186.111,4.124,2.749,-6119536,422
"3624",90,91,"Head Before",91,459.684,186.111,0,0,-11307927,422
"3625",91,92,"Head Before",92,459.006,185.433,0.959,0.639,-9607824,422
"3626",92,93,"Head Before",93,458.328,184.755,0.959,0.639,-6255449,422
"3627",93,94,"Head Before",94,458.328,184.755,0,0,-11640732,422
"3628",94,95,"Head Before",95,458.328,185.433,0.678,0.452,-12493472,422
"3629",95,96,"Head Before",96,458.328,186.111,0.678,0.452,-4218705,422
"3630",96,97,"Head Before",97,458.328,184.755,1.356,0.904,-11187129,422
"3631",97,98,"Head Before",98,458.328,184.755,0,0,-13745607,422
"3925",1,2,"Head Before",2,196.62,587.487,30.94,20.627,-8751976,423
"3926",2,3,"Head Before",3,198.993,582.063,5.92,3.947,-8416105,423
"3927",3,4,"Head Before",4,206.112,545.112,37.631,25.087,-6250621,423
"3928",4,5,"Head Before",5,223.062,562.062,23.971,15.981,-6843979,423
"3929",5,6,"Head Before",6,221.706,558.333,3.968,2.645,-7500895,423
"3930",6,7,"Head Before",7,217.977,550.536,8.643,5.762,-9008218,423
"3931",7,8,"Head Before",8,219.333,500.364,50.19,33.46,-10130585,423
"3932",8,9,"Head Before",9,245.097,456.294,51.048,34.032,-6385987,423
"3933",9,10,"Head Before",10,271.2,433.242,34.825,23.216,-8682868,423
"3934",10,11,"Head Before",11,269.844,430.53,3.032,2.021,-7698522,423
"3935",11,12,"Head Before",12,261.369,434.259,9.259,6.173,-9002054,423
"3936",12,13,"Head Before",13,269.844,437.649,9.128,6.085,-8086924,423
"3937",13,14,"Head Before",14,265.098,436.971,4.794,3.196,-12950699,423
"3938",14,15,"Head Before",15,265.098,439.683,2.712,1.808,-8290432,423
"3939",15,16,"Head Before",16,265.776,440.361,0.959,0.639,-8545379,423
"3940",16,17,"Head Before",17,260.013,443.412,6.521,4.347,-9072485,423
"3941",17,18,"Head Before",18,256.284,440.361,4.818,3.212,-9403519,423
"3942",18,19,"Head Before",19,254.25,438.327,2.877,1.918,-12758445,423
"3943",19,20,"Head Before",20,254.928,444.768,6.477,4.318,-6184802,423
"3944",20,21,"Head Before",21,252.216,442.056,3.835,2.557,-10257818,423
"3945",21,22,"Head Before",22,249.165,443.412,3.339,2.226,-12758946,423
"3946",22,23,"Head Before",23,247.809,442.734,1.516,1.011,-8939610,423
"3947",23,24,"Head Before",24,246.453,444.768,2.445,1.63,-8881797,423
"3948",24,25,"Head Before",25,251.538,446.802,5.477,3.651,-4934263,423
"3949",25,26,"Head Before",26,250.182,446.802,1.356,0.904,-9080189,423
"3950",26,27,"Head Before",27,252.216,444.09,3.39,2.26,-5523289,423
"3951",27,28,"Head Before",28,247.131,444.09,5.085,3.39,-8153944,423
"3952",28,29,"Head Before",29,248.487,444.768,1.516,1.011,-8095350,423
"3953",29,30,"Head Before",30,250.182,444.768,1.695,1.13,-6702918,423
"3954",30,31,"Head Before",31,243.741,447.48,6.989,4.659,-7041635,423
"3955",31,32,"Head Before",32,231.537,452.565,13.221,8.814,-7178073,423
"3956",32,33,"Head Before",33,228.825,448.158,5.175,3.45,-7829107,423
"3957",33,34,"Head Before",34,227.13,447.48,1.826,1.217,-8948589,423
"3958",34,35,"Head Before",35,224.418,449.853,3.604,2.402,-10523498,423
"3959",35,36,"Head Before",36,220.011,453.921,5.998,3.998,-9799031,423
"3960",36,37,"Head Before",37,221.706,451.887,2.648,1.765,-9730415,423
"3961",37,38,"Head Before",38,225.096,453.921,3.953,2.636,-8613233,423
"3962",38,39,"Head Before",39,223.74,449.853,4.288,2.859,-7837778,423
"3963",39,40,"Head Before",40,223.74,453.921,4.068,2.712,-7901580,423
"3964",40,41,"Head Before",41,225.096,445.446,8.583,5.722,-11572870,423
"3965",41,42,"Head Before",42,225.774,438.327,7.151,4.767,-10986877,423
"3966",42,43,"Head Before",43,212.892,432.564,14.112,9.408,-10265742,423
"3967",43,44,"Head Before",44,195.942,449.853,24.212,16.141,-6182233,423
"3968",44,45,"Head Before",45,195.942,453.921,4.068,2.712,-5664836,423
"3969",45,46,"Head Before",46,195.264,459.684,5.803,3.868,-9012864,423
"3970",46,47,"Head Before",47,199.671,453.243,7.804,5.203,-8743536,423
"3971",47,48,"Head Before",48,197.976,455.277,2.648,1.765,-9405336,423
"3972",48,49,"Head Before",49,192.552,446.124,10.639,7.093,-6578513,423
"3973",49,50,"Head Before",50,193.23,443.412,2.795,1.864,-9810044,423
"3974",50,51,"Head Before",51,191.874,441.378,2.445,1.63,-6319701,423
"3975",51,52,"Head Before",52,188.823,449.175,8.373,5.582,-6450787,423
"3976",52,53,"Head Before",53,191.874,455.277,6.822,4.548,-6774108,423
"3977",53,54,"Head Before",54,186.111,454.599,5.803,3.868,-11045255,423
"3978",54,55,"Head Before",55,172.551,454.599,13.56,9.04,-6710875,423
"3979",55,56,"Head Before",56,157.635,452.565,15.054,10.036,-9074294,423
"3980",56,57,"Head Before",57,125.091,442.056,34.199,22.799,-9803659,423
"3981",57,58,"Head Before",58,116.277,422.733,21.238,14.159,-8483700,423
"3982",58,59,"Head Before",59,98.649,398.664,29.834,19.889,-8352365,423
"3983",59,60,"Head Before",60,63.732,390.189,35.931,23.954,-8749684,423
"3984",60,61,"Head Before",61,75.258,387.138,11.923,7.949,-13035479,423
"3985",61,62,"Head Before",62,75.936,391.545,4.459,2.973,-8939942,423
"3986",62,63,"Head Before",63,77.97,391.545,2.034,1.356,-11969951,423
"3987",63,64,"Head Before",64,75.258,394.257,3.835,2.557,-10202500,423
"3988",64,65,"Head Before",65,69.495,392.223,6.111,4.074,-15193823,423
"3989",65,66,"Head Before",66,63.732,392.901,5.803,3.868,-11123146,423
"3990",66,67,"Head Before",67,57.291,402.054,11.192,7.461,-7564164,423
"3991",67,68,"Head Before",68,50.172,398.664,7.885,5.257,-8823937,423
"3992",68,69,"Head Before",69,34.578,368.832,33.662,22.441,-9339310,423
"3993",69,70,"Head Before",70,40.341,372.9,7.054,4.703,-5265033,423
"3994",70,71,"Head Before",71,35.256,386.46,14.482,9.655,-14461359,423
"3995",71,72,"Head Before",72,35.256,390.867,4.407,2.938,-14588584,423
"3996",72,73,"Head Before",73,34.578,384.426,6.477,4.318,-10061977,423
"3997",73,74,"Head Before",74,33.9,387.138,2.795,1.864,-6715248,423
"3998",74,75,"Head Before",75,44.748,381.375,12.284,8.189,-6909796,423
"3999",75,76,"Head Before",76,63.054,394.935,22.781,15.187,-13686690,423
"4000",76,77,"Head Before",77,28.815,409.173,37.081,24.721,-9156249,423
"4001",77,78,"Head Before",78,38.985,411.207,10.371,6.914,-9291446,423
"4002",78,79,"Head Before",79,50.85,401.376,15.409,10.272,-9534598,423
"4003",79,80,"Head Before",80,74.58,422.733,31.925,21.284,-9146993,423
"4243",1,2,"Head Before",2,493.245,44.748,20.815,13.876,-11509664,511
"4244",2,3,"Head Before",3,479.685,57.969,18.939,12.626,-8743286,511
"4245",3,4,"Head Before",4,470.193,68.817,14.414,9.61,-11316646,511
"4246",4,5,"Head Before",5,447.48,105.09,42.797,28.532,-9010033,511
"4247",5,6,"Head Before",6,412.224,121.362,38.83,25.887,-10592915,511
"4248",6,7,"Head Before",7,380.697,149.838,42.483,28.322,-9267045,511
"4249",7,8,"Head Before",8,355.272,178.314,38.175,25.45,-7495522,511
"4250",8,9,"Head Before",9,315.27,179.67,40.025,26.683,-8941150,511
"4251",9,10,"Head Before",10,275.607,177.636,39.715,26.477,-9339247,511
"4252",10,11,"Head Before",11,244.419,167.466,32.804,21.87,-8942698,511
"4253",11,12,"Head Before",12,217.977,149.838,31.779,21.186,-8481379,511
"4254",12,13,"Head Before",13,221.706,120.684,29.392,19.594,-7695436,511
"4255",13,14,"Head Before",14,227.13,77.292,43.73,29.153,-8088916,511
"4256",14,15,"Head Before",15,230.181,65.766,11.923,7.949,-7367261,511
"4257",15,16,"Head Before",16,230.859,66.783,1.222,0.815,-4208184,511
"4258",16,17,"Head Before",17,233.571,63.054,4.611,3.074,-6509936,511
"4259",17,18,"Head Before",18,247.809,48.138,20.621,13.747,-6639692,511
"4260",18,19,"Head Before",19,269.844,26.103,31.162,20.775,-9333339,511
"4261",19,20,"Head Before",20,298.998,9.153,33.723,22.482,-8351315,511
"4262",20,21,"Head Before",21,332.559,4.746,33.849,22.566,-7696970,511
"4263",21,22,"Head Before",22,371.544,22.713,42.926,28.617,-9405545,511
"4264",22,23,"Head Before",23,401.376,53.223,42.671,28.447,-8683373,511
"4265",23,24,"Head Before",24,414.936,83.733,33.388,22.258,-7369828,511
"4266",24,25,"Head Before",25,424.767,117.972,35.622,23.748,-8220769,511
"4267",25,26,"Head Before",26,426.123,151.872,33.927,22.618,-8222051,511
"4268",26,27,"Head Before",27,422.733,189.501,37.781,25.188,-9270897,511
"4269",27,28,"Head Before",28,422.055,219.333,29.84,19.893,-9336956,511
"4270",28,29,"Head Before",29,424.089,223.062,4.248,2.832,-8810595,511
"4271",29,30,"Head Before",30,428.496,232.215,10.159,6.772,-8942711,511
"4272",30,31,"Head Before",31,416.97,270.522,40.003,26.669,-8942449,511
"4273",31,32,"Head Before",32,412.224,300.354,30.207,20.138,-8812138,511
"4274",32,33,"Head Before",33,416.97,309.846,10.612,7.075,-9469547,511
"4275",33,34,"Head Before",34,418.326,319.677,9.924,6.616,-10063222,511
"4276",34,35,"Head Before",35,420.699,352.221,32.63,21.754,-8813414,511
"4277",35,36,"Head Before",36,427.818,385.104,33.645,22.43,-9273207,511
"4278",36,37,"Head Before",37,420.699,417.648,33.314,22.209,-9075310,511
"4279",37,38,"Head Before",38,406.461,452.565,37.708,25.139,-10449520,511
"4280",38,39,"Head Before",39,394.257,493.245,42.471,28.314,-9072218,511
"4281",39,40,"Head Before",40,385.782,529.179,36.92,24.613,-9853539,511
"4282",40,41,"Head Before",41,375.273,565.452,37.765,25.176,-9404773,511
"4283",41,42,"Head Before",42,373.578,580.368,15.012,10.008,-10320739,511
"4284",42,43,"Head Before",43,354.594,589.182,20.93,13.954,-7884869,511
"4285",43,44,"Head Before",44,342.39,604.776,19.802,13.201,-10323835,511
"4286",44,45,"Head Before",45,350.865,624.438,21.411,14.274,-9998709,511
"4287",45,46,"Head Before",46,340.356,644.439,22.594,15.063,-9409393,511
"4288",46,47,"Head Before",47,317.643,627.489,28.34,18.894,-8553306,511
"4289",47,48,"Head Before",48,298.32,617.319,21.836,14.557,-9274996,511
"4290",48,49,"Head Before",49,256.962,603.42,43.631,29.087,-10713470,511
"4291",49,50,"Head Before",50,240.69,584.097,25.262,16.841,-13944015,511
"4292",50,51,"Head Before",51,228.825,553.587,32.736,21.824,-9666633,511
"4293",51,52,"Head Before",52,228.825,517.314,36.273,24.182,-9862005,511
"4294",52,53,"Head Before",53,234.927,506.466,12.446,8.298,-8095574,511
"4295",53,54,"Head Before",54,258.657,480.363,35.277,23.518,-8675938,511
"4296",54,55,"Head Before",55,297.642,471.21,40.045,26.697,-11709348,511
"4297",55,56,"Head Before",56,327.474,473.922,29.955,19.97,-5596204,511
"4298",56,57,"Head Before",57,347.475,479.007,20.637,13.758,-8151151,511
"4299",57,58,"Head Before",58,350.865,474.6,5.56,3.707,-10588573,511
"4300",58,59,"Head Before",59,361.713,458.328,19.557,13.038,-9340489,511
"4301",59,60,"Head Before",60,385.782,464.091,24.749,16.5,-9929865,511
"4302",60,61,"Head Before",61,388.494,487.482,23.548,15.698,-9206920,511
"4303",61,62,"Head Before",62,388.494,497.313,9.831,6.554,-9736076,511
"4477",1,2,"Head Before",2,423.411,632.574,6.369,4.246,-10524032,512
"4478",2,3,"Head Before",3,437.649,630.201,14.434,9.623,-9470592,512
"4479",3,4,"Head Before",4,449.175,625.455,12.465,8.31,-8551787,512
"4480",4,5,"Head Before",5,466.125,623.76,17.035,11.356,-8880492,512
"4481",5,6,"Head Before",6,472.566,611.217,14.1,9.4,-8552803,512
"4482",6,7,"Head Before",7,483.753,599.013,16.556,11.037,-10786175,512
"4483",7,8,"Head Before",8,495.279,584.775,18.319,12.212,-9671037,512
"4484",8,9,"Head Before",9,510.195,569.181,21.579,14.386,-9601143,512
"4485",9,10,"Head Before",10,525.111,553.587,21.579,14.386,-10193537,512
"4486",10,11,"Head Before",11,540.027,536.298,22.834,15.223,-9867646,512
"4487",11,12,"Head Before",12,548.502,516.636,21.411,14.274,-9535849,512
"4488",12,13,"Head Before",13,556.977,498.669,19.866,13.244,-8421481,512
"4489",13,14,"Head Before",14,566.469,479.007,21.833,14.556,-8289634,512
"4490",14,15,"Head Before",15,571.215,467.481,12.465,8.31,-11045517,512
"4491",15,16,"Head Before",16,573.249,463.413,4.548,3.032,-9075333,512
"4492",16,17,"Head Before",17,576.978,453.921,10.198,6.799,-9010793,512
"4493",17,18,"Head Before",18,582.063,439.005,15.759,10.506,-8619384,512
"4494",18,19,"Head Before",19,584.097,411.207,27.872,18.582,-10127726,512
"4495",19,20,"Head Before",20,589.86,392.223,19.839,13.226,-8419159,512
"4496",20,21,"Head Before",21,602.403,377.307,19.489,12.993,-8416117,512
"4497",21,22,"Head Before",22,619.014,361.713,22.784,15.189,-7365193,512
"4498",22,23,"Head Before",23,630.879,342.39,22.675,15.117,-8615804,512
"4499",23,24,"Head Before",24,646.473,335.271,17.142,11.428,-9211009,512
"4500",24,25,"Head Before",25,660.033,331.881,13.977,9.318,-11640985,512
"4501",25,26,"Head Before",26,667.83,328.83,8.373,5.582,-11905954,512
"4502",26,27,"Head Before",27,672.237,324.762,5.998,3.998,-10650755,512
"4503",27,28,"Head Before",28,680.712,329.508,9.713,6.476,-11513501,512
"4504",28,29,"Head Before",29,685.797,336.627,8.749,5.832,-11377311,512
"4505",29,30,"Head Before",30,687.153,335.949,1.516,1.011,-12364204,512
"4506",30,31,"Head Before",31,692.238,342.39,8.206,5.471,-11249826,512
"4507",31,32,"Head Before",32,697.662,346.797,6.989,4.659,-12691118,512
"4508",32,33,"Head Before",33,702.069,348.831,4.854,3.236,-11372439,512
"4509",33,34,"Head Before",34,707.154,350.187,5.263,3.508,-12431782,512
"4510",34,35,"Head Before",35,710.544,355.272,6.111,4.074,-12430517,512
"4511",35,36,"Head Before",36,724.104,367.137,18.018,12.012,-11706266,512
"4512",36,37,"Head Before",37,733.935,377.307,14.145,9.43,-11774377,512
"4513",37,38,"Head Before",38,741.732,390.189,15.058,10.039,-11446695,512
"4514",38,39,"Head Before",39,744.783,397.308,7.745,5.163,-10529953,512
