ID	Track	Slice	X	Y	Distance	Velocity	PixelValue
2	1	2	580	1733	30.940	20.627	-8751976
3	1	3	587	1717	5.920	3.947	-8416105
4	1	4	608	1608	37.631	25.087	-6250621
5	1	5	658	1658	23.971	15.981	-6843979
6	1	6	654	1647	3.968	2.645	-7500895
7	1	7	643	1624	8.643	5.762	-9008218
8	1	8	647	1476	50.190	33.460	-10130585
9	1	9	723	1346	51.048	34.032	-6385987
10	1	10	800	1278	34.825	23.216	-8682868
11	1	11	796	1270	3.032	2.021	-7698522
12	1	12	771	1281	9.259	6.173	-9002054
13	1	13	796	1291	9.128	6.085	-8086924
14	1	14	782	1289	4.794	3.196	-12950699
15	1	15	782	1297	2.712	1.808	-8290432
16	1	16	784	1299	0.959	0.639	-8545379
17	1	17	767	1308	6.521	4.347	-9072485
18	1	18	756	1299	4.818	3.212	-9403519
19	1	19	750	1293	2.877	1.918	-12758445
20	1	20	752	1312	6.477	4.318	-6184802
21	1	21	744	1304	3.835	2.557	-10257818
22	1	22	735	1308	3.339	2.226	-12758946
23	1	23	731	1306	1.516	1.011	-8939610
24	1	24	727	1312	2.445	1.630	-8881797
25	1	25	742	1318	5.477	3.651	-4934263
26	1	26	738	1318	1.356	0.904	-9080189
27	1	27	744	1310	3.390	2.260	-5523289
28	1	28	729	1310	5.085	3.390	-8153944
29	1	29	733	1312	1.516	1.011	-8095350
30	1	30	738	1312	1.695	1.130	-6702918
31	1	31	719	1320	6.989	4.659	-7041635
32	1	32	683	1335	13.221	8.814	-7178073
33	1	33	675	1322	5.175	3.450	-7829107
34	1	34	670	1320	1.826	1.217	-8948589
35	1	35	662	1327	3.604	2.402	-10523498
36	1	36	649	1339	5.998	3.998	-9799031
37	1	37	654	1333	2.648	1.765	-9730415
38	1	38	664	1339	3.953	2.636	-8613233
39	1	39	660	1327	4.288	2.859	-7837778
40	1	40	660	1339	4.068	2.712	-7901580
41	1	41	664	1314	8.583	5.722	-11572870
42	1	42	666	1293	7.151	4.767	-10986877
43	1	43	628	1276	14.112	9.408	-10265742
44	1	44	578	1327	24.212	16.141	-6182233
45	1	45	578	1339	4.068	2.712	-5664836
46	1	46	576	1356	5.803	3.868	-9012864
47	1	47	589	1337	7.804	5.203	-8743536
48	1	48	584	1343	2.648	1.765	-9405336
49	1	49	568	1316	10.639	7.093	-6578513
50	1	50	570	1308	2.795	1.864	-9810044
51	1	51	566	1302	2.445	1.630	-6319701
52	1	52	557	1325	8.373	5.582	-6450787
53	1	53	566	1343	6.822	4.548	-6774108
54	1	54	549	1341	5.803	3.868	-11045255
55	1	55	509	1341	13.560	9.040	-6710875
56	1	56	465	1335	15.054	10.036	-9074294
57	1	57	369	1304	34.199	22.799	-9803659
58	1	58	343	1247	21.238	14.159	-8483700
59	1	59	291	1176	29.834	19.889	-8352365
60	1	60	188	1151	35.931	23.954	-8749684
61	1	61	222	1142	11.923	7.949	-13035479
62	1	62	224	1155	4.459	2.973	-8939942
63	1	63	230	1155	2.034	1.356	-11969951
64	1	64	222	1163	3.835	2.557	-10202500
65	1	65	205	1157	6.111	4.074	-15193823
66	1	66	188	1159	5.803	3.868	-11123146
67	1	67	169	1186	11.192	7.461	-7564164
68	1	68	148	1176	7.885	5.257	-8823937
69	1	69	102	1088	33.662	22.441	-9339310
70	1	70	119	1100	7.054	4.703	-5265033
71	1	71	104	1140	14.482	9.655	-14461359
72	1	72	104	1153	4.407	2.938	-14588584
73	1	73	102	1134	6.477	4.318	-10061977
74	1	74	100	1142	2.795	1.864	-6715248
75	1	75	132	1125	12.284	8.189	-6909796
76	1	76	186	1165	22.781	15.187	-13686690
77	1	77	85	1207	37.081	24.721	-9156249
78	1	78	115	1213	10.371	6.914	-9291446
79	1	79	150	1184	15.409	10.272	-9534598
80	1	80	220	1247	31.925	21.284	-9146993
82	2	2	584	1821	25.820	17.213	-14865898
83	2	3	570	1817	4.936	3.291	-12051665
84	2	4	587	1696	41.422	27.615	-11261610
85	2	5	591	1736	13.628	9.085	-11121590
86	2	6	599	1742	3.390	2.260	-9876337
87	2	7	624	1719	11.516	7.677	-213291
88	2	8	639	1566	52.116	34.744	-9134985
89	2	9	685	1425	50.278	33.519	-12839361
90	2	10	758	1364	32.250	21.500	-12566202
91	2	11	769	1367	3.865	2.577	-8481656
92	2	12	773	1371	1.918	1.278	-7624566
93	2	13	792	1375	6.582	4.388	-11965354
94	2	14	796	1377	1.516	1.011	-8482710
95	2	15	798	1381	1.516	1.011	-8876171
96	2	16	790	1383	2.795	1.864	-11501202
97	2	17	803	1385	4.459	2.973	-14736079
98	2	18	794	1381	3.339	2.226	-13874614
99	2	19	794	1373	2.712	1.808	-13541788
100	2	20	786	1379	3.390	2.260	-14998449
101	2	21	775	1381	3.790	2.527	-13595772
102	2	22	767	1379	2.795	1.864	-15124896
103	2	23	761	1373	2.877	1.918	-9152384
104	2	24	767	1371	2.144	1.429	-13292222
105	2	25	769	1381	3.457	2.305	-10074256
106	2	26	767	1381	0.678	0.452	-11969412
107	2	27	769	1383	0.959	0.639	-10865539
108	2	28	765	1377	2.445	1.630	-7899246
109	2	29	769	1379	1.516	1.011	-15385022
110	2	30	769	1385	2.034	1.356	-13556423
111	2	31	758	1402	6.864	4.576	-11501965
112	2	32	750	1400	2.795	1.864	-9881499
113	2	33	746	1392	3.032	2.021	-5872504
114	2	34	744	1383	3.125	2.084	-11577275
115	2	35	738	1375	3.390	2.260	-13813447
116	2	36	752	1381	5.163	3.442	-11256279
117	2	37	744	1383	2.795	1.864	-11522717
118	2	38	756	1394	5.519	3.679	-11903108
119	2	39	742	1385	5.642	3.761	-11389585
120	2	40	742	1383	0.678	0.452	-10461812
121	2	41	740	1385	0.959	0.639	-12433063
122	2	42	746	1364	7.404	4.936	-9145503
123	2	43	704	1341	16.233	10.822	-8418433
124	2	44	691	1337	4.611	3.074	-11635117
125	2	45	689	1358	7.151	4.767	-13416894
126	2	46	689	1356	0.678	0.452	-12573674
127	2	47	687	1360	1.516	1.011	-8570530
128	2	48	685	1350	3.457	2.305	-12762564
129	2	49	681	1331	6.582	4.388	-14803390
130	2	50	679	1329	0.959	0.639	-13815269
131	2	51	679	1322	2.373	1.582	-7841143
132	2	52	679	1318	1.356	0.904	-9153136
133	2	53	687	1329	4.611	3.074	-7570583
134	2	54	660	1337	9.546	6.364	-4744831
135	2	55	618	1339	14.254	9.503	-8098465
136	2	56	580	1346	13.099	8.732	-6841470
137	2	57	475	1337	35.726	23.817	-9870467
138	2	58	392	1314	29.197	19.465	-15452844
139	2	59	337	1249	28.865	19.243	-5201006
140	2	60	255	1182	35.897	23.931	-12767667
141	2	61	283	1188	9.707	6.472	-12375203
142	2	62	285	1209	7.151	4.767	-14406850
143	2	63	293	1207	2.795	1.864	-8418721
144	2	64	280	1195	5.998	3.998	-8026775
145	2	65	270	1197	3.457	2.305	-11788946
146	2	66	268	1184	4.459	2.973	-11318455
147	2	67	247	1205	10.068	6.712	-11915969
148	2	68	218	1226	12.138	8.092	-12700117
149	2	69	155	1159	31.177	20.785	-7636339
150	2	70	180	1140	10.645	7.097	-12370866
151	2	71	176	1165	8.583	5.722	-9267825
152	2	72	182	1167	2.144	1.429	-11108260
153	2	73	157	1167	8.475	5.650	-13351366
154	2	74	161	1182	5.263	3.508	-13161681
155	2	75	174	1178	4.611	3.074	-13480618
156	2	76	169	1190	4.407	2.938	-10455706
157	2	77	142	1197	9.456	6.304	-8161958
158	2	78	138	1203	2.445	1.630	-14016455
159	2	79	150	1199	4.288	2.859	-13735352
160	2	80	153	1199	1.017	0.678	-8424881
162	3	82	257	1230	2.795	1.864	-7957605
163	3	83	247	1247	6.686	4.457	-6644306
164	3	84	236	1291	15.375	10.250	-14408406
165	3	85	192	1312	16.528	11.019	-10773881
166	3	86	174	1304	6.678	4.452	-10926277
167	3	87	174	1297	2.373	1.582	-7632479
168	3	88	169	1285	4.407	2.938	-13623766
169	3	89	165	1302	5.920	3.947	-8883824
170	3	90	167	1310	2.795	1.864	-14478059
171	3	91	167	1304	2.034	1.356	-14537431
172	3	92	211	1312	15.161	10.107	-8542845
173	3	93	226	1304	5.763	3.842	-9408390
174	3	94	220	1310	2.877	1.918	-8028512
175	3	95	215	1314	2.171	1.447	-15459289
176	3	96	207	1299	5.763	3.842	-8488812
177	3	97	205	1304	1.826	1.217	-8488289
178	3	98	209	1293	3.968	2.645	-8160368
179	3	99	201	1287	3.390	2.260	-7495272
180	3	100	222	1285	7.151	4.767	-8883335
181	3	101	184	1268	14.112	9.408	-8679788
182	3	102	184	1274	2.034	1.356	-13087140
183	3	103	182	1272	0.959	0.639	-8093040
184	3	104	186	1268	1.918	1.278	-9087869
185	3	105	186	1257	3.729	2.486	-13750987
186	3	106	194	1260	2.896	1.931	-12097944
187	3	107	190	1253	2.733	1.822	-7375238
188	3	108	182	1266	5.175	3.450	-12108195
189	3	109	184	1264	0.959	0.639	-9270646
190	3	110	180	1266	1.516	1.011	-8091501
191	3	111	174	1257	3.667	2.445	-9412502
192	3	112	180	1262	2.648	1.765	-7243114
193	3	113	180	1264	0.678	0.452	-15584981
194	3	114	178	1264	0.678	0.452	-10327962
195	3	115	226	1276	16.773	11.182	-8672608
196	3	116	211	1272	5.263	3.508	-7834229
197	3	117	186	1262	9.128	6.085	-7765079
198	3	118	194	1245	6.369	4.246	-7372418
199	3	119	190	1249	1.918	1.278	-10729891
200	3	120	201	1249	3.729	2.486	-11963808
201	3	121	218	1245	5.920	3.947	-12755121
202	3	122	192	1247	8.840	5.893	-8092781
203	3	123	180	1272	9.401	6.267	-13806493
204	3	124	176	1264	3.032	2.021	-13160143
205	3	125	182	1260	2.445	1.630	-11445655
206	3	126	180	1260	0.678	0.452	-7044462
207	3	127	180	1262	0.678	0.452	-14719919
208	3	128	182	1253	3.125	2.084	-11233907
209	3	129	180	1262	3.125	2.084	-11763084
210	3	130	178	1266	1.516	1.011	-10789251
211	3	131	176	1270	1.516	1.011	-10466193
212	3	132	178	1278	2.795	1.864	-10974825
213	3	133	178	1281	1.017	0.678	-10782594
214	3	134	169	1274	3.865	2.577	-8220501
215	3	135	174	1281	2.916	1.944	-10593436
216	3	136	171	1276	1.977	1.318	-10660235
217	3	137	174	1278	1.222	0.815	-9014619
218	3	138	171	1276	1.222	0.815	-13212044
219	3	139	171	1281	1.695	1.130	-10458506
220	3	140	171	1283	0.678	0.452	-10982268
221	3	141	169	1278	1.826	1.217	-9473656
222	3	142	165	1276	1.516	1.011	-8421744
223	3	143	169	1281	2.171	1.447	-9264743
224	3	144	167	1278	1.222	0.815	-13355980
225	3	145	167	1281	1.017	0.678	-12036270
226	3	146	167	1278	1.017	0.678	-11048346
227	3	147	163	1278	1.356	0.904	-8161395
228	3	148	163	1278	0.000	0.000	-8151409
229	3	149	161	1274	1.516	1.011	-15515589
230	3	150	159	1276	0.959	0.639	-10193540
231	3	151	157	1274	0.959	0.639	-8033143
232	3	152	157	1281	2.373	1.582	-7500142
233	3	153	161	1283	1.516	1.011	-7225420
234	3	154	163	1278	1.826	1.217	-10786177
235	3	155	163	1278	0.000	0.000	-8822156
236	3	156	165	1272	2.144	1.429	-8159372
237	3	157	167	1270	0.959	0.639	-9668488
238	3	158	169	1266	1.516	1.011	-8221028
239	3	159	180	1266	3.729	2.486	-6511439
240	3	160	176	1281	5.263	3.508	-9261673
241	3	161	167	1274	3.865	2.577	-10390397
243	5	82	157	1190	1.356	0.904	-2039058
244	5	83	155	1188	0.959	0.639	-8562331
245	5	84	155	1184	1.356	0.904	-6519904
246	5	85	155	1184	0.000	0.000	-7846268
247	5	86	155	1190	2.034	1.356	-4948556
248	5	87	153	1190	0.678	0.452	-7428204
249	5	88	153	1180	3.390	2.260	-12759734
250	5	89	150	1186	2.274	1.516	-13077378
251	5	90	153	1186	1.017	0.678	-5599587
252	5	91	150	1182	1.695	1.130	-8557679
253	5	92	146	1180	1.516	1.011	-7764863
254	5	93	148	1186	2.144	1.429	-9601418
255	5	94	157	1186	3.051	2.034	-10281649
256	5	95	163	1186	2.034	1.356	-6656377
257	5	96	161	1180	2.144	1.429	-12562863
258	5	97	161	1180	0.000	0.000	-10196612
259	5	98	159	1192	4.124	2.749	-11447669
260	5	99	157	1197	1.826	1.217	-12630429
261	5	100	159	1195	0.959	0.639	-11852233
262	5	101	163	1184	3.968	2.645	-6071688
263	5	102	171	1172	4.889	3.259	-12631230
264	5	103	167	1186	4.936	3.291	-13751743
265	5	104	171	1186	1.356	0.904	-11706230
266	5	105	167	1184	1.516	1.011	-6716848
267	5	106	169	1178	2.144	1.429	-10725525
268	5	107	165	1174	1.918	1.278	-5986412
269	5	108	167	1157	5.803	3.868	-14280403
270	5	109	167	1172	5.085	3.390	-11051936
271	5	110	180	1155	7.255	4.837	-3687782
272	5	111	182	1151	1.516	1.011	-12090519
273	5	112	178	1167	5.591	3.727	-12895942
274	5	113	180	1167	0.678	0.452	-14540479
275	5	114	180	1165	0.678	0.452	-8490871
276	5	115	186	1159	2.877	1.918	-15516082
277	5	116	184	1161	0.959	0.639	-14737345
278	5	117	186	1163	0.959	0.639	-9087638
279	5	118	188	1161	0.959	0.639	-13347230
280	5	119	186	1157	1.516	1.011	-7838055
281	5	120	182	1144	4.611	3.074	-8104854
282	5	121	174	1159	5.763	3.842	-13750479
283	5	122	174	1153	2.034	1.356	-15391425
284	5	123	171	1148	1.977	1.318	-14404820
285	5	124	178	1155	3.356	2.237	-11777200
286	5	125	184	1157	2.144	1.429	-11645084
287	5	126	190	1155	2.144	1.429	-13813449
288	5	127	180	1148	4.138	2.759	-7433860
289	5	128	178	1155	2.468	1.645	-12097439
290	5	129	180	1161	2.144	1.429	-12232609
291	5	130	169	1161	3.729	2.486	-14007958
292	5	131	182	1161	4.407	2.938	-14656933
293	5	132	178	1163	1.516	1.011	-15774625
294	5	133	184	1167	2.445	1.630	-14460056
295	5	134	192	1165	2.795	1.864	-11371669
296	5	135	190	1169	1.516	1.011	-14531491
297	5	136	180	1172	3.539	2.360	-13079193
298	5	137	182	1167	1.826	1.217	-9065305
299	5	138	190	1182	5.763	3.842	-14594487
300	5	139	182	1178	3.032	2.021	-15781021
301	5	140	178	1169	3.339	2.226	-11967872
302	5	141	184	1169	2.034	1.356	-10060138
303	5	142	184	1174	1.695	1.130	-12290684
304	5	143	190	1178	2.445	1.630	-14540493
305	5	144	194	1176	1.516	1.011	-15983552
306	5	145	176	1167	6.822	4.548	-14210477
307	5	146	186	1178	5.040	3.360	-9079902
308	5	147	192	1172	2.877	1.918	-11245715
309	5	148	186	1161	4.248	2.832	-5654062
310	5	149	184	1167	2.144	1.429	-9336965
311	5	150	174	1165	3.457	2.305	-10903675
312	5	151	176	1157	2.795	1.864	-11198404
313	5	152	167	1169	5.085	3.390	-15121070
314	5	153	176	1161	4.082	2.721	-10729123
315	5	154	178	1169	2.795	1.864	-10459550
316	5	155	184	1169	2.034	1.356	-9942442
317	5	156	180	1167	1.516	1.011	-14606548
318	5	157	184	1167	1.356	0.904	-14008772
319	5	158	188	1169	1.516	1.011	-9597578
320	5	159	182	1169	2.034	1.356	-10588842
321	5	160	178	1172	1.695	1.130	-14145470
322	5	161	178	1178	2.034	1.356	-14008258
